"Gene","baseMean","log2FoldChange","lfcSE","stat","pvalue","padj"
"FBgn0036023",240.036634356136,4.1020574175759,0.417456024469567,9.82632224026016,8.67283243507366e-23,1.07005406583939e-18
"FBgn0034500",865.433645019376,-0.752265576011453,0.0878204134882283,-8.56595347404381,1.07185161791269e-17,6.61225263090336e-14
"FBgn0035282",203.459891936737,-2.26805535606382,0.267794743330076,-8.46937967437355,2.46703311980738e-17,1.01460848773945e-13
"FBgn0086359",1386.45781135647,-1.28498492544859,0.156622457437394,-8.20434659545701,2.31848348573794e-16,5.72108984940694e-13
"FBgn0039241",12346.7909096625,1.75090118077945,0.213036751212108,8.21877526209638,2.05591896996791e-16,5.72108984940694e-13
"FBgn0026593",1663.6463935915,-0.86254900050713,0.106617953952554,-8.09009147644096,5.96199384649229e-16,1.22598466796703e-12
"FBgn0033853",2956.28801380236,-0.644798251829121,0.082621603993185,-7.80423304154573,5.98644820374554e-15,1.05515425625446e-11
"FBgn0053494",1069.49096159606,-0.960342466830459,0.125426407440333,-7.65662101330062,1.9088888176977e-14,2.94398377909428e-11
"FBgn0025595",2234.97210717838,-1.12596048934375,0.149080775251583,-7.55268737664951,4.26367580413927e-14,5.84502578571892e-11
"FBgn0035022",71.7418670487766,2.01462148039511,0.270642106521251,7.44385826097214,9.77864173109975e-14,1.09680801525735e-10
"FBgn0263116",231.840600269233,1.39779352285421,0.187640655720062,7.44931058511948,9.3829246250307e-14,1.09680801525735e-10
"FBgn0034387",696.023427739098,-0.792091667945032,0.108880756351913,-7.27485457012178,3.4679384814233e-13,3.56561874865006e-10
"FBgn0026563",356.022731989555,2.14543710469792,0.319555436986723,6.71381818731833,1.89596524765698e-11,1.67088708754228e-08
"FBgn0033446",7492.75758246827,-1.71953598627339,0.255921041291553,-6.71900980706951,1.8296359658694e-11,1.67088708754228e-08
"FBgn0037801",2024.83480089935,1.02746210958164,0.155046523907179,6.6267987420134,3.43044829758072e-11,2.82165807303672e-08
"FBgn0259682",8386.20978894198,-0.822958377253423,0.125830289216586,-6.54022479306952,6.14264340182241e-11,4.73674589323031e-08
"FBgn0038463",1397.55955714,0.956027014882106,0.146980711307928,6.50443861901859,7.79840499261323e-11,5.34537337771456e-08
"FBgn0037613",1418.17062674297,0.794397221115354,0.122074520145182,6.50747772893626,7.64230771672651e-11,5.34537337771456e-08
"FBgn0024289",5330.67004886893,2.14914629295595,0.333303205657468,6.44802167058846,1.13319565227514e-10,7.35861471461615e-08
"FBgn0000053",7219.48148917856,1.22703528943763,0.192701891246543,6.3675311202201,1.92095083064216e-10,1.18503456742315e-07
"FBgn0000052",7317.78298376812,0.935886617338782,0.147593442452377,6.3409769552652,2.28312693758136e-10,1.34139143599423e-07
"FBgn0040104",70.574600958605,-3.11006081078302,0.493729324142248,-6.2991211149674,2.99338036394041e-10,1.67874213319531e-07
"FBgn0086254",11023.5554291643,0.897541594623235,0.144347077694985,6.21794087525486,5.03721280072133e-10,2.58954714730416e-07
"FBgn0053459",61.715645581714,1.60795666159154,0.258517197802593,6.21992144143305,4.97403859305347e-10,2.58954714730416e-07
"FBgn0001125",10351.6787258227,1.15165844208485,0.191598065268739,6.01080413035235,1.84605338076322e-09,9.08949133222776e-07
"FBgn0036997",1340.08270325225,1.39493148936025,0.232301950696733,6.00482038646894,1.91543827717557e-09,9.08949133222776e-07
"FBgn0031636",460.321249975503,-1.22257806676496,0.205671207215869,-5.9443326234856,2.77585435987198e-09,1.26846263304076e-06
"FBgn0039114",8819.4551662195,-0.929445964060397,0.156676025353971,-5.93227944071559,2.98757578353023e-09,1.31645392918557e-06
"FBgn0035186",1116.94300018647,-0.844033040222514,0.14430025402127,-5.84914452124322,4.94107644645346e-09,2.1021724550463e-06
"FBgn0039464",1338.13808064776,0.673379478020024,0.116248588837133,5.79258195523945,6.93124836902618e-09,2.85059141256817e-06
"FBgn0040349",2386.47481358293,1.40930419444198,0.244309992562831,5.76850819591234,7.99763242559352e-09,3.18305770538622e-06
"FBgn0036927",3862.50870627382,0.4210319984413,0.0731178700565413,5.75826399368199,8.49833768446909e-09,3.27664032346812e-06
"FBgn0020385",10230.8534932003,1.2080071632095,0.211755243126545,5.70473318805898,1.16525469627995e-08,4.35664013415213e-06
"FBgn0000639",251.507139147576,2.0673527894828,0.36365717525986,5.6848948133789,1.30893197572631e-08,4.74988315191508e-06
"FBgn0038467",2414.25054654351,0.89820659283484,0.15874373162921,5.65821770482786,1.52953040879984e-08,5.39181319536354e-06
"FBgn0004554",84.4354035080524,1.88046550781065,0.333845004820712,5.63275017045869,1.77358295479055e-08,5.91418013410966e-06
"FBgn0085345",21.2256243913469,2.41193574020336,0.428131384792502,5.63363450070901,1.76450782440028e-08,5.91418013410966e-06
"FBgn0033377",1786.57821511746,0.619304455197238,0.110371940648188,5.61106791780782,2.0108182009157e-08,6.52880920076262e-06
"FBgn0035283",1101.594640842,-0.514137606429696,0.0917796003228054,-5.60187236184709,2.12048681454634e-08,6.70835033791608e-06
"FBgn0004622",82.5639876650587,-1.07322217072377,0.194760944395071,-5.51045885537886,3.57899466097266e-08,1.10394090317702e-05
"FBgn0036208",681.909080125986,1.25589440605748,0.230022474483015,5.45987694845972,4.76464699066424e-08,1.4338101114833e-05
"FBgn0031304",1378.31532824552,-0.375067896172044,0.0689093460770331,-5.44291765231322,5.24148812482274e-08,1.53974953533483e-05
"FBgn0033226",1805.72321726024,-0.433055860446717,0.0797500115552827,-5.4301667423148,5.63014230138446e-08,1.61545803987166e-05
"FBgn0038914",25978.9340096753,1.45531870662166,0.270635671729627,5.37740903599569,7.55653688467453e-08,2.1189216382526e-05
"FBgn0051089",14.145017750143,3.51754371896685,0.659008002666478,5.33763429993895,9.41671482877431e-08,2.58185394572039e-05
"FBgn0036030",6631.38681888463,0.758133116685853,0.14253517435232,5.3189194886863,1.0438531120489e-07,2.79979558618681e-05
"FBgn0039115",1369.65452405865,-0.541452709037556,0.101985717986922,-5.30910327176389,1.10165902023097e-07,2.89197212587442e-05
"FBgn0033782",1680.78508779029,-1.22319996657923,0.231352878364701,-5.2871612198012,1.24229144914842e-07,3.19320664574858e-05
"FBgn0042641",1428.04456058416,-0.345270866258768,0.0654209481667395,-5.27768055850812,1.3082927135792e-07,3.29422765308982e-05
"FBgn0016123",3088.34974065973,-1.08724669768522,0.206534881099717,-5.26422796912588,1.40779677149391e-07,3.47387931333837e-05
"FBgn0010403",1843.73750047867,-1.54311902238232,0.294474185594434,-5.24025227972816,1.60357219113743e-07,3.87938699887327e-05
"FBgn0037612",252.908592726091,1.72942092919902,0.330760510660308,5.22861972170293,1.70780228613796e-07,4.05208934737887e-05
"FBgn0036029",70.459181051748,1.13359524792944,0.217031058342155,5.22319365987838,1.75863295102674e-07,4.09396478297507e-05
"FBgn0039677",54.5710093461248,1.04024212993577,0.199613550717199,5.21128012701665,1.8754202028234e-07,4.21738624976982e-05
"FBgn0036824",8540.78129768306,0.792901911174669,0.152164335994289,5.21082621623263,1.88001494356735e-07,4.21738624976982e-05
"FBgn0037536",2293.84709662237,-0.289537968011636,0.0556746573463986,-5.20053435102757,1.98716386665867e-07,4.37814781907763e-05
"FBgn0030966",720.921526276242,0.810388018681571,0.156866538416007,5.1660986904195,2.39030614212079e-07,5.17396441780463e-05
"FBgn0026878",297.992416869686,0.970581234421325,0.188300967435608,5.15441448676161,2.54424628750778e-07,5.41222598194327e-05
"FBgn0025628",2288.00821997944,-0.492062155477074,0.0960135564665386,-5.12492374603956,2.9765818875572e-07,6.12084455478011e-05
"FBgn0031637",2246.30308787003,-0.359050695126613,0.0700392453974107,-5.12642152395159,2.95301060105125e-07,6.12084455478011e-05
"FBgn0039543",1858.41823034854,-0.592461329836847,0.115676142024503,-5.12172449277698,3.02754017866974e-07,6.12357224990611e-05
"FBgn0030824",11.0741829692842,-1.89284691240579,0.370553259062246,-5.10816425470389,3.25303810051939e-07,6.37291723244644e-05
"FBgn0003116",891.783745677572,0.51372283144653,0.100570214268418,5.10810119261973,3.25412372867666e-07,6.37291723244644e-05
"FBgn0034420",2335.20047370231,-0.351641703579235,0.069297001820126,-5.07441439518538,3.8869116493065e-07,7.49323686392869e-05
"FBgn0087013",12245.2689143409,-0.398431744772713,0.0786156717172179,-5.06809566171335,4.01815463063165e-07,7.62707566657434e-05
"FBgn0020545",2001.84649916919,-0.616761161055265,0.121906026222107,-5.05931642732375,4.20762131149174e-07,7.86570177896745e-05
"FBgn0267115",4.20500220899964,2.36151783115019,0.467534517198848,5.05100210632321,4.39498224191073e-07,8.09332700010366e-05
"FBgn0266203",53.1312455784404,5.40082970374152,1.07116651191832,5.04200760913382,4.60672965145574e-07,8.35850447642073e-05
"FBgn0031814",3675.93765767908,-0.494346017096606,0.0987253885410062,-5.00728358127734,5.52035657789312e-07,9.71822032271841e-05
"FBgn0028544",20.8297507757279,-3.15415411199938,0.630178534316963,-5.00517542289519,5.58111809231708e-07,9.71822032271841e-05
"FBgn0035092",1253.57271254321,-0.58166058468663,0.116220881994372,-5.00478549728094,5.59242699718761e-07,9.71822032271841e-05
"FBgn0035309",192.399686215955,-0.678889505222954,0.13609011852754,-4.98852901715689,6.08407740913045e-07,0.00010425742649146
"FBgn0027525",3322.19148445042,-0.405531359014055,0.0814713213558432,-4.97759643841802,6.43787080172586e-07,0.000107338445880667
"FBgn0032387",386.691871477003,1.64901022373749,0.331224230170618,4.97853138005049,6.40685571218494e-07,0.000107338445880667
"FBgn0035542",4315.53102775397,-0.644556672203602,0.129915647638185,-4.961347489093,7.00058249780409e-07,0.000115164249143876
"FBgn0267243",103.129155196633,-1.82832858685568,0.369171215645822,-4.95252205310003,7.32577510262472e-07,0.000118928175284452
"FBgn0263330",234.212367413837,1.23674409620075,0.251186588863195,4.9236071949459,8.49633004849622e-07,0.000134913153186777
"FBgn0037386",271.73478109943,1.12468713113896,0.22846242873714,4.92285378106076,8.52911812981735e-07,0.000134913153186777
"FBgn0022355",55302.1130124292,1.26974324847322,0.258789951454007,4.90646271750192,9.27336061600334e-07,0.000144828763645885
"FBgn0020506",40.1727954371534,1.73621731316328,0.354198174153089,4.90182457127196,9.49506109656608e-07,0.00014643757976179
"FBgn0040609",1561.78360768139,-1.54160115078823,0.315871675143095,-4.88046656950123,1.05835154169825e-06,0.000161209152116951
"FBgn0028473",8906.88204931592,-0.50262597938499,0.103457549479973,-4.8582822801374,1.18408516449817e-06,0.000177044856787759
"FBgn0036995",980.139335552262,1.18891957532935,0.244778369585054,4.85712678511913,1.19101338250802e-06,0.000177044856787759
"FBgn0051119",205.765492202146,-0.786396990019578,0.163216781199928,-4.81811358022251,1.44921870081703e-06,0.000212862622984292
"FBgn0034276",721.293266684961,1.80381835470947,0.375166796828811,4.80804370204583,1.5241445136429e-06,0.000221234058933248
"FBgn0024179",1025.09616396943,-0.770656948064771,0.160471302610965,-4.80245960197067,1.56728446329078e-06,0.000224850647768391
"FBgn0024740",292.851930721321,1.31497115341309,0.274269037293273,4.7944571738406,1.63115904728075e-06,0.000231324601440804
"FBgn0061356",2463.02571365748,1.00210263888326,0.209817726818242,4.77606279545365,1.78760591441157e-06,0.000250630474681932
"FBgn0032055",693.171303306638,-1.29932011154424,0.272903898480173,-4.76109032806156,1.92549836641813e-06,0.000266930324099628
"FBgn0041337",517.20282229616,1.62992044913232,0.343025218128845,4.75160531351982,2.01808002944388e-06,0.000276656348925317
"FBgn0031635",846.743901848585,-0.392800180457121,0.0829116270663288,-4.73757655416511,2.16289161559036e-06,0.000293250074210483
"FBgn0032538",43.0570161280073,-2.37646479914084,0.502488263942095,-4.72939363896209,2.25191390811025e-06,0.000302001236937655
"FBgn0040900",22.1557440132037,-1.38919646667933,0.294197756200631,-4.7219818554019,2.33557523257702e-06,0.000309852980855218
"FBgn0039827",1048.9278154594,0.879740813806849,0.186745756289429,4.71090123431442,2.46623741063365e-06,0.000323706778429766
"FBgn0029823",10442.6538098106,0.936296194454276,0.199297445273959,4.69798392632289,2.62742103462511e-06,0.000341232849738996
"FBgn0032297",2869.25494477217,-0.604152434663629,0.129015772378887,-4.68277965960148,2.83010681038207e-06,0.000363727685692645
"FBgn0031689",3902.568141356,1.15275704579748,0.246648812085239,4.67367767171366,2.95853532140129e-06,0.000376313492736589
"FBgn0020638",33.6901095264974,-4.73383220654517,1.01363264664985,-4.6701654906153,3.00957184470088e-06,0.000378898953264484
"FBgn0015623",19947.2352232934,-0.388324440221095,0.0835033346148648,-4.65040638211791,3.31281600261212e-06,0.000412139109064976
"FBgn0051091",29.0947597700321,3.55217073810573,0.76412200316879,4.64869578859787,3.34040451503466e-06,0.000412139109064976
"FBgn0035523",989.002289103206,-0.253956813718193,0.054725452887336,-4.64056120725061,3.47464236957538e-06,0.000424456807483376
"FBgn0020389",2049.64425549946,0.469515659746852,0.101596187161326,4.62139055475874,3.8117640917348e-06,0.000461073974155137
"FBgn0029990",89864.1630932614,1.04566575662483,0.226708241359389,4.61238528584053,3.98074245130063e-06,0.000476838838486865
"FBgn0051664",670.002432035623,1.08343893048469,0.235013443357276,4.61011470240706,4.02446863629906e-06,0.000477441288794786
"FBgn0039864",719.585489856698,-0.663203131704041,0.144169223739317,-4.60017134380376,4.22143562985259e-06,0.000494440704352059
"FBgn0036024",3840.56781854208,3.38883960392885,0.736885457552691,4.59886888687382,4.24791008764129e-06,0.000494440704352059
"FBgn0031970",258.445290886362,-1.20817883170945,0.263007993952234,-4.5936962354417,4.35463134436373e-06,0.000500686941970137
"FBgn0031850",600.803563399527,-0.628316477711075,0.137044541641219,-4.58476105787564,4.54505896422883e-06,0.000500686941970137
"FBgn0053113",8456.76091090544,-0.359647411293042,0.0783702071725824,-4.58908332985578,4.45196695192133e-06,0.000500686941970137
"FBgn0040798",5.73931024894796,-3.76690912873571,0.821104718301568,-4.58761111070883,4.48346818831289e-06,0.000500686941970137
"FBgn0260653",136.417955728575,-0.800634871569686,0.174511530865734,-4.58786228965969,4.47807861833276e-06,0.000500686941970137
"FBgn0036262",14024.9496415611,1.0319186856913,0.224997033658361,4.58636573519533,4.51028224373148e-06,0.000500686941970137
"FBgn0030588",139.667489915445,-1.8090733086438,0.394827412199021,-4.58193441678233,4.60694389709588e-06,0.00050301304249884
"FBgn0038858",1402.39213245996,1.02345187744458,0.22370145646005,4.57507918651998,4.76039898392094e-06,0.000513382758688211
"FBgn0036899",71.9682017781134,-0.708802635816547,0.154963614835357,-4.57399394412439,4.78513675224058e-06,0.000513382758688211
"FBgn0000551",4.0944031941129,-4.3933052351457,0.962207988787981,-4.5658581994103,4.97454963061265e-06,0.000529103390883611
"FBgn0039094",1153.0207121883,1.17506645546423,0.257626575756459,4.56112282676556,5.08808056173242e-06,0.000536553315988501
"FBgn0003261",15284.6710628388,-0.285434555330304,0.0627294996958978,-4.55024440995135,5.35836387300368e-06,0.000560266893772198
"FBgn0002562",34.0785914161358,3.88882732545193,0.858345182016605,4.53061007031633,5.8813602584229e-06,0.000609783385448922
"FBgn0266441",354.43963404418,0.640468540461947,0.141724021830766,4.51912479048003,6.20957884530152e-06,0.000623248500495734
"FBgn0032076",2199.60219250714,0.831759263059313,0.184018643520614,4.51997279811564,6.1847577602311e-06,0.000623248500495734
"FBgn0032338",138.858809185121,-0.951978730486307,0.210661449302974,-4.51899829625289,6.21328947649338e-06,0.000623248500495734
"FBgn0001565",2657.13244527466,-0.296619300663168,0.0655971951117054,-4.52182902269,6.1307572172705e-06,0.000623248500495734
"FBgn0038115",3150.33505779799,0.86698311315386,0.192714922651023,4.49878557004032,6.83427478210196e-06,0.000680010340819145
"FBgn0039043",405.123286033173,-0.338287310981206,0.07525284881441,-4.4953422536268,6.94581351035616e-06,0.000685579576726194
"FBgn0044011",218.93080975997,0.871223155281989,0.193933390429718,4.49238345883362,7.04304615862759e-06,0.000689659551628153
"FBgn0264748",146.42280605809,-0.653826982532708,0.145718319105138,-4.48692372069542,7.22589305105873e-06,0.000701992665070572
"FBgn0039137",574.350328430988,-0.553554930188446,0.123744654182577,-4.47336439577998,7.69983953202709e-06,0.000742192344891799
"FBgn0031836",3729.00867793033,-0.369853201902223,0.0828524342595753,-4.463999219908,8.04438569833079e-06,0.000769392486403142
"FBgn0023524",435.091597113114,-0.596630237212847,0.134042970779636,-4.45103710953776,8.54565712302921e-06,0.000811048596799495
"FBgn0033382",1675.95044022256,-0.292905535661169,0.0660493768712043,-4.43464495103916,9.22241519954708e-06,0.000868596631542075
"FBgn0001124",6581.46741961595,0.740444713618072,0.167326739320579,4.42514278724731,9.63785136278134e-06,0.000900847046318153
"FBgn0031824",1559.54440220113,0.838082303998805,0.189496509096179,4.42267938336233,9.74843513376834e-06,0.000904332275792735
"FBgn0031805",697.28331823603,-1.23749176130931,0.280694559739135,-4.40867739816327,1.0400381048102e-05,0.000957611204264798
"FBgn0266369",3653.07928202966,0.665579366798036,0.151090123517993,4.40518116803826,1.05695505217634e-05,0.000965978624722351
"FBgn0020637",43.3173539994825,-4.49679521551137,1.02642529141923,-4.38102534407903,1.18122129271455e-05,0.00106525955627102
"FBgn0038603",1261.84025504822,-0.55421769422792,0.126512797564638,-4.38072436067,1.18285426494674e-05,0.00106525955627102
"FBgn0030421",367.36922065764,0.706196873496142,0.161552714937654,4.37130922726167,1.23503732844468e-05,0.00110419496799641
"FBgn0000346",2287.32835002024,-0.413691482616868,0.0947584816154264,-4.3657462167431,1.26689504478008e-05,0.00112452885341702
"FBgn0038815",419.934411642187,0.558030472282226,0.128124694546727,4.35537016697991,1.32842236411266e-05,0.00117071965203014
"FBgn0001296",1304.70668320256,-0.466816909269889,0.107344894241399,-4.34875745669005,1.36911026150719e-05,0.00119802002882806
"FBgn0015230",6.69386401905922,1.47433517440536,0.339613397730429,4.34121617185321,1.41696230581815e-05,0.00120568833994375
"FBgn0035743",179.943167910069,1.94531732787658,0.447975351391819,4.34246509731542,1.40892873771497e-05,0.00120568833994375
"FBgn0085195",11644.3216848477,1.02672984211629,0.236421084180807,4.3428015131302,1.40677221979983e-05,0.00120568833994375
"FBgn0030156",226.174192664279,-0.46894238506769,0.108015688094256,-4.34142848452238,1.41559355415325e-05,0.00120568833994375
"FBgn0033911",483.491381277262,-0.568203730378538,0.131057031836896,-4.33554554391009,1.45399064769274e-05,0.00122872168570089
"FBgn0036970",13.8917595243725,2.9335639450601,0.67712391728329,4.33238860743532,1.47500295393958e-05,0.0012296342193045
"FBgn0039877",1715.82649779911,0.249977331853931,0.0576872158758935,4.33332286986643,1.46875460394501e-05,0.0012296342193045
"FBgn0033926",4708.5369738563,0.590039139901727,0.136450215598845,4.32420819060049,1.53080682001582e-05,0.0012675902379433
"FBgn0000241",470.809048344169,1.34442206778489,0.311121900838374,4.32120678152872,1.55178163884114e-05,0.00127112208160026
"FBgn0003292",315.525234474056,0.696976142609515,0.161367065172382,4.31919699267605,1.56597954614394e-05,0.00127112208160026
"FBgn0038113",85.9091422555591,0.692898204289877,0.160422329884913,4.31921294739306,1.56586634991537e-05,0.00127112208160026
"FBgn0261561",142.621557511992,-0.647406710162408,0.150182495287959,-4.3108000630904,1.62664933367582e-05,0.00131173852803217
"FBgn0037974",178.875624645186,0.710796420915162,0.165396516380085,4.29752957602648,1.72712221592957e-05,0.00134723057219409
"FBgn0032287",2199.56206192002,0.809442857945414,0.188277100782231,4.29921033722337,1.71407739995473e-05,0.00134723057219409
"FBgn0263402",43.9218977950484,-1.63598057288846,0.38080249794151,-4.2961392893482,1.73798401995262e-05,0.00134723057219409
"FBgn0259933",1480.27448703783,0.507291425552083,0.118047711944382,4.29734229657151,1.72858158319002e-05,0.00134723057219409
"FBgn0032281",145.784655574261,1.95150015503411,0.453804095235094,4.30031411246549,1.70556185129044e-05,0.00134723057219409
"FBgn0039323",44.8810947594026,0.80127986276375,0.186622060139825,4.29359670643116,1.758016875695e-05,0.00134723057219409
"FBgn0029891",3638.03244208443,-0.377457047459227,0.0878137839774794,-4.29838039499618,1.72050701474166e-05,0.00134723057219409
"FBgn0034214",368.175991169905,-0.31170885121512,0.0725915925235565,-4.29400761684582,1.75476450011857e-05,0.00134723057219409
"FBgn0034605",756.132936977646,0.558787239906551,0.130224892546714,4.2909403031844,1.77918143012273e-05,0.00135503336326261
"FBgn0034201",19.614508564872,-6.00034488065986,1.39982252750508,-4.28650401230101,1.81506925660073e-05,0.00137388493791041
"FBgn0010548",4187.91129931657,-0.363487228759041,0.084860137994479,-4.28336834407092,1.8408504297346e-05,0.00138490320744302
"FBgn0036589",90.2033128122434,-0.976043745384544,0.227996724500325,-4.28095512127918,1.86092887528323e-05,0.00139152366443906
"FBgn0028895",169.253488787181,0.415830828019332,0.0971725857643666,4.27930187046456,1.87480444409842e-05,0.00139345405007749
"FBgn0010222",3021.07198269144,0.952498094330146,0.223105011637845,4.26928148022192,1.96103665114381e-05,0.00144881857495883
"FBgn0050287",17.2950452621132,1.25256798734474,0.293659989475648,4.26536822255323,1.99572780041792e-05,0.00146567200009264
"FBgn0020647",2300.86266043795,-0.274551251988737,0.0644561929583507,-4.25950152169462,2.04883304307341e-05,0.00149576935416803
"FBgn0035679",837.183593547975,0.514068311445321,0.120953013184448,4.25014886285957,2.13628489777644e-05,0.00155044018051563
"FBgn0037206",62.7444144905564,-0.9841164626828,0.232549230891671,-4.23186290020986,2.31763673697178e-05,0.00167222234273438
"FBgn0031730",61.0872201213256,-1.23566718656578,0.292653872876555,-4.22228202353912,2.41841240384136e-05,0.00173478908363923
"FBgn0030881",12.5544351680861,-1.48002485423694,0.350688839410773,-4.2203363435337,2.43938093268172e-05,0.00173971571950445
"FBgn0035087",10411.3045816742,-0.512176074074107,0.12148756730523,-4.2158723352102,2.48814496682468e-05,0.00176429497705074
"FBgn0021979",4480.99378863418,-0.360032303687962,0.085587039062282,-4.2066217926521,2.59216412204042e-05,0.00182754976787055
"FBgn0042201",1365.47378108029,-0.822982366295526,0.196151871510902,-4.19563861387775,2.7210381246024e-05,0.00190750956712184
"FBgn0005616",303.648309752982,-0.371335187925201,0.0885854032248497,-4.19183267679743,2.76710052599179e-05,0.00192884103331563
"FBgn0032138",5001.62862928918,-0.400837477585656,0.0957556221087174,-4.18604640394441,2.83855341393614e-05,0.00196753213601933
"FBgn0000055",134485.886420469,0.529902379918784,0.126912640577913,4.17533176763011,2.97552082253848e-05,0.00205094837477541
"FBgn0040799",4.74641993838193,-4.09525090968242,0.982090733785663,-4.16993131978393,3.04691447323347e-05,0.00207695197628478
"FBgn0027657",4696.69018982305,0.473198943038239,0.113449731345075,4.1710010013063,3.03264529479395e-05,0.00207695197628478
"FBgn0034141",1306.14799113722,-0.361025387357488,0.0866090028998092,-4.16845103014439,3.06676629644523e-05,0.00207899794316161
"FBgn0041191",2442.56537581148,-0.284561723486207,0.0683989056022347,-4.16032568037039,3.17794097631008e-05,0.00214259211834501
"FBgn0031418",3204.17719752134,0.924845585690425,0.222829068058646,4.15047100339269,3.31791801624577e-05,0.00222480828719784
"FBgn0036289",334.293459064266,-0.737627951760319,0.178036948620302,-4.14311724322716,3.42616674511077e-05,0.00228497542168522
"FBgn0035246",2238.43498708267,-0.592699595035708,0.143150862038541,-4.14038439304777,3.4672431680514e-05,0.00229993796814076
"FBgn0034712",146.131484251834,-6.46928898040509,1.56737687587336,-4.12746230979088,3.66788525140225e-05,0.00242001969154016
"FBgn0040028",6.07719685762381,-3.87749333774431,0.940984391616771,-4.12067763534539,3.77759679126673e-05,0.00247914836226856
"FBgn0037895",86.3253794072513,-0.686832143629041,0.167100089841395,-4.1103038560958,3.9513880524311e-05,0.00256590662057342
"FBgn0051687",864.169958643221,0.380666877304591,0.0926112681397574,4.11037322942319,3.9502010397125e-05,0.00256590662057342
"FBgn0036607",11.8031692391279,-2.18847555215428,0.532688747026686,-4.10835701780771,3.98483782432206e-05,0.0025740800563605
"FBgn0032889",3890.37266455018,0.60948820571531,0.148812154967028,4.09568832499169,4.2091589822618e-05,0.0026780259802566
"FBgn0034999",889.544322356124,0.379793890094731,0.0926811363386939,4.0978553468185,4.1699572373933e-05,0.0026780259802566
"FBgn0037676",484.57534051135,-0.568079392882488,0.138704999045887,-4.09559422364116,4.21086918600891e-05,0.0026780259802566
"FBgn0029689",699.247241645379,-0.347204540058078,0.0848035081640112,-4.09422378360315,4.23585048129277e-05,0.0026800986275995
"FBgn0265873",105.620077921344,-0.7550539139111,0.184771859452787,-4.08641183861676,4.38095846555267e-05,0.0027577686504076
"FBgn0003130",12.614857060291,-1.95556311213418,0.480659668515923,-4.06849844126124,4.73170775765326e-05,0.00296344214791502
"FBgn0043578",2420.43177899601,1.56134982377097,0.384298275860903,4.0628592992598,4.84752509564952e-05,0.00302064467828908
"FBgn0028864",51.876213521853,0.940281461959014,0.231795355976007,4.05651553284933,4.98102513544934e-05,0.0030575068717002
"FBgn0266413",354.821632317535,0.628501800445425,0.154912998311868,4.05712759609841,4.96799435745908e-05,0.0030575068717002
"FBgn0051780",51.8978060404148,0.940597043041318,0.231769129543005,4.05833617659071,4.94235861552874e-05,0.0030575068717002
"FBgn0035903",236.776061196685,-0.862426768022654,0.21353800548425,-4.03875069483247,5.37366412346448e-05,0.00328219148293588
"FBgn0004118",312.349155511968,-0.808113832007486,0.200274283329274,-4.03503544525911,5.45940553603548e-05,0.00331813524648304
"FBgn0026148",243.599966444497,0.472387547824666,0.117183660664718,4.03117247869773,5.54992955764823e-05,0.00335661916089529
"FBgn0032726",5716.81555000931,1.16940588209213,0.290209631870657,4.0295212621107,5.58905606747324e-05,0.00336379384197487
"FBgn0033038",548.085943374025,-0.254676296605495,0.0633383023744945,-4.02088921012903,5.79788699458105e-05,0.00345261495695057
"FBgn0033742",271.266018779248,0.858398891065591,0.213503466758251,4.02053842075338,5.80652779389943e-05,0.00345261495695057
"FBgn0086611",39.699204061237,-4.32057993478756,1.07477948209969,-4.01996875335477,5.82058608401458e-05,0.00345261495695057
"FBgn0033128",702.777474607449,-0.439826739776445,0.109936829798723,-4.00072242015434,6.31493994885026e-05,0.00371302937591745
"FBgn0003089",47.2817421248351,-1.64044013632481,0.410054613678349,-4.00054061484501,6.31979388022909e-05,0.00371302937591745
"FBgn0040636",491.376297650968,-0.546543367719446,0.13690121245829,-3.99224636440646,6.54503221794732e-05,0.00382713779644711
"FBgn0031906",56.8938758591117,-1.0399217600985,0.260716891553679,-3.98870113056865,6.64360603544216e-05,0.00386645336157006
"FBgn0034978",837.672587629614,-0.510327789012908,0.128056454871912,-3.98517817413705,6.74295101671163e-05,0.00390584646216846
"FBgn0040089",445.775746574827,-0.396007025615702,0.0994021374991102,-3.98388843116424,6.77967115295521e-05,0.00390876554603558
"FBgn0022359",625.527527679723,0.895915909415615,0.225023082176244,3.98144004051064,6.8499001682776e-05,0.00393088689656786
"FBgn0016122",4245.73070108666,-0.617103959286649,0.155063908996189,-3.97967498227981,6.90095502467904e-05,0.00394185106918935
"FBgn0266711",1599.03384077715,-0.273736748952872,0.068884748399895,-3.97383681165175,7.07240283694688e-05,0.00402116618443551
"FBgn0035849",902.606792809534,-0.257395593146746,0.0648093235352536,-3.97158277707888,7.13966833461359e-05,0.00402233917408504
"FBgn0259219",710.107621613159,-0.491813722899529,0.123832632246233,-3.97160032843031,7.13914223249636e-05,0.00402233917408504
"FBgn0035410",308.983617004624,-0.386556010124973,0.0975097209899997,-3.96428177827129,7.36172547580987e-05,0.00412858949638828
"FBgn0028427",1509.52091012345,-0.217421403328063,0.0548678584773371,-3.96263694924176,7.41264605518481e-05,0.00413833606465476
"FBgn0266599",81470.8084777573,-0.266196346773616,0.0672067769512593,-3.96085571796831,7.4681649772613e-05,0.0041505504274527
"FBgn0262001",5.50475303358163,-3.21049732343212,0.813405035351699,-3.94698481555867,7.91415740672855e-05,0.00437869390512183
"FBgn0002778",1646.45423051527,0.383850601696866,0.0972803641018187,3.94581789697156,7.9528040412388e-05,0.00438043286878591
"FBgn0031220",1954.7687743546,-0.545286573689262,0.138411848412369,-3.93959462245381,8.16194060973998e-05,0.00447564547746542
"FBgn0250785",935.536394952716,-0.43720451547956,0.111212587801774,-3.93125026691077,8.45052471258881e-05,0.00459306492968814
"FBgn0263216",7.52860346600399,-2.58069446836985,0.656340724964414,-3.93194322736834,8.42619677051507e-05,0.00459306492968814
"FBgn0030358",410.517881349547,-0.740925505042908,0.188840449186989,-3.92355296883056,8.72525706396854e-05,0.00472158866908964
"FBgn0051718",10.9433081618234,-1.64358325180319,0.419700282466895,-3.91608802868229,8.99973983882397e-05,0.00484885546425372
"FBgn0001319",81.3756946708387,-1.01472305147543,0.259267236639138,-3.91381134241725,9.08506272148959e-05,0.00485244605444756
"FBgn0264704",74.956000258296,0.836430041738557,0.213688701385444,3.91424551843681,9.06873246365922e-05,0.00485244605444756
"FBgn0039152",1455.67473233859,-1.15796524580136,0.296554583903002,-3.90472887170109,9.43310817267375e-05,0.00499509393280896
"FBgn0027788",4.91120232360052,-3.801645349747,0.973424013292684,-3.90543616947319,9.40555834892024e-05,0.00499509393280896
"FBgn0035120",391.926604951651,0.519688208946003,0.133174011943305,3.90232449531704,9.5273315038106e-05,0.00502342803820578
"FBgn0033654",187.256720799403,-0.508603046926721,0.130641605615478,-3.89311693262336,9.89644199798171e-05,0.0051958426115361
"FBgn0035791",1325.36342789081,0.914963081622921,0.23578696335546,3.88046509697641,0.000104256906254409,0.00545051571765637
"FBgn0002565",10329.8953670431,3.10004768139894,0.799753435742835,3.8762542839463,0.000106076827272859,0.0055222611598841
"FBgn0031250",1889.41503629771,-0.417132678462892,0.107783592121096,-3.87009442025499,0.000108793209498458,0.0056398765495461
"FBgn0038484",817.833135224146,-1.99727673488297,0.51650819128901,-3.86688298185266,0.000110235289402938,0.00569072385210647
"FBgn0037129",3.85744628664906,-5.96967592214231,1.5456474495635,-3.86224939188311,0.000112347790131207,0.00577561264432849
"FBgn0039509",709.546860675789,-0.353204174744679,0.0916035313971189,-3.85579212239615,0.000115355485140775,0.00590562645504929
"FBgn0039239",355.80134743725,1.04888196615071,0.272220914618696,3.85305430194404,0.000116653506733043,0.0059058472962398
"FBgn0015520",574.838951655745,0.439855384699067,0.114196106179408,3.85175466497985,0.000117274484323128,0.0059058472962398
"FBgn0265266",18.4927455433436,1.21052169502437,0.314232115106947,3.85231692378855,0.000117005450667509,0.0059058472962398
"FBgn0263355",1441.82765002609,0.337778802939967,0.0876385024708031,3.85422837470891,0.000116095191956839,0.0059058472962398
"FBgn0014931",260.696401415925,0.503044672667622,0.130776920505878,3.84658600861468,0.000119775097389989,0.00599788640192956
"FBgn0013973",517.980721803208,-0.63675351957535,0.165606305696467,-3.84498354031535,0.000120560530692051,0.00599788640192956
"FBgn0035484",3463.63782760159,0.780852129695285,0.203057083886669,3.84548086059927,0.000120316256096613,0.00599788640192956
"FBgn0020372",956.358103182489,-0.512680059809787,0.133569376197005,-3.83830541406153,0.000123886332514825,0.00613859265288318
"FBgn0040092",46.8731568734063,-0.824287233415416,0.214831738536522,-3.83689690839272,0.000124598745897622,0.00614919730753942
"FBgn0046763",952.361827545404,-0.347775109941834,0.0907261964612396,-3.83323806691723,0.000126467453024164,0.00621655551957025
"FBgn0035856",3.51356494314164,-4.97268322062356,1.29830327832901,-3.83013992464356,0.000128070412804887,0.00627036806820119
"FBgn0030331",166.861445452268,-0.766695409021345,0.200352833702486,-3.82672605549392,0.000129858894910658,0.00633280255101855
"FBgn0034471",5042.16922672652,1.14822514297622,0.300375613113821,3.82263104209171,0.000132035269451704,0.00638843589998089
"FBgn0053512",364.327664313041,-0.623897128602869,0.16319093726464,-3.82311137530341,0.000131778219103747,0.00638843589998089
"FBgn0033902",5044.23498335191,-0.347946673964348,0.0910992966435934,-3.81942217760051,0.000133764652487539,0.00644682922809085
"FBgn0261086",184.973684607753,-1.24380187859255,0.325921146302898,-3.81626627391831,0.000135486292234042,0.00650439639526694
"FBgn0039017",201.764068403406,0.524794853803009,0.137559911003008,3.81502757581411,0.000136167726816951,0.00651177292041685
"FBgn0039942",1064.07916209067,0.48572401318776,0.127533554418953,3.80859778746647,0.000139757075978626,0.00661468165653708
"FBgn0031449",4212.66060638178,-0.370592763895754,0.0973361546008794,-3.80734954463062,0.000140464142811859,0.00661468165653708
"FBgn0011205",4995.36308939568,-0.355957991928353,0.0934828002201698,-3.8077377987181,0.000140243856174548,0.00661468165653708
"FBgn0031417",2985.7929513655,1.00758601948215,0.264534716196335,3.80889901321812,0.000139586949563696,0.00661468165653708
"FBgn0086913",414.40776417643,-0.590675573332921,0.155408409728079,-3.80079542906615,0.000144232342975849,0.00676630664500391
"FBgn0264437",8.8602450784592,-2.57167848961848,0.676877465820009,-3.79932649479326,0.000145089847032614,0.0067748079590024
"FBgn0031996",563.30650375367,0.259828156181449,0.0684009095962036,3.79860673952018,0.000145511761155425,0.0067748079590024
"FBgn0031412",19.5413472513463,1.54955107849248,0.408625581074613,3.79210492504516,0.000149375772600734,0.0068972146069047
"FBgn0036875",825.557451373414,-0.577600556598609,0.152346089838025,-3.79137106316753,0.000149817921433819,0.0068972146069047
"FBgn0038641",1142.32942851301,-0.493762088069145,0.130206244647338,-3.79215366671923,0.000149346449488342,0.0068972146069047
"FBgn0037107",512.809715891465,-0.670896081869483,0.177460934896807,-3.78052827378379,0.000156495945063772,0.00717786977768332
"FBgn0000667",3103.60923063587,-0.244911818807306,0.0649576004355647,-3.77033352779477,0.000163029522025311,0.00744984534351219
"FBgn0037754",970.794614627566,-0.877296254829338,0.232752285763475,-3.76922723637977,0.000163753753580147,0.00745532771834633
"FBgn0267041",120.652845065816,1.49378894089335,0.396974853546881,3.76293089485816,0.000167933617506355,0.00761751828232873
"FBgn0027550",794.906510262183,0.648925167860416,0.172586104163169,3.7600082057991,0.000169907783683325,0.00767883602595187
"FBgn0035806",1056.82624159155,0.933836324600841,0.248472369388145,3.75831053931824,0.00017106449459747,0.00770289684067002
"FBgn0034647",514.150727545498,0.936459712317116,0.249271339976476,3.75678853575983,0.000172107809996701,0.00772169512632469
"FBgn0040843",26.0754893498381,-1.43324201588848,0.382207580498952,-3.74990473505905,0.000176901762416467,0.00790802153874774
"FBgn0027945",2858.23703877947,0.384252093025846,0.102499251402147,3.74882828673808,0.000177662670258487,0.00791336471353507
"FBgn0029506",5217.43912718615,-0.292403116271807,0.0780334140148223,-3.74715267764993,0.000178853232728455,0.00793773807699166
"FBgn0035922",7.386744559192,-3.62918700534607,0.971684612380174,-3.73494337473993,0.000187757429102992,0.00830305075366566
"FBgn0261509",105.588969538307,-0.92335038811745,0.247428969576608,-3.73177962830082,0.000190131799197627,0.00837802192321542
"FBgn0083972",267.325475208746,-0.791421142107712,0.212204526253095,-3.72952055303378,0.000191844458276093,0.00842340543135388
"FBgn0262150",33.4799167113729,1.32428010073347,0.355781807339706,3.72216924365957,0.000197518554375583,0.00861125061443797
"FBgn0039678",19715.3219194257,0.752212087346709,0.202043343699351,3.72302335515706,0.000196851304596388,0.00861125061443797
"FBgn0010812",890.104554211089,-0.342973847031808,0.0923943298595693,-3.71206596284746,0.000205574392037895,0.00893090439775897
"FBgn0028487",809.210688629311,-0.239984846220962,0.0646869958945379,-3.70993957753456,0.000207308718365489,0.00897464900769617
"FBgn0031126",1901.58065737379,0.305239061282861,0.0822959788179516,3.70903980567611,0.000208046721971881,0.00897510648842332
"FBgn0022774",1714.9220109937,0.931197221393515,0.25119106010882,3.70712724007815,0.000209623635934692,0.00901162515735969
"FBgn0000244",1887.47640139213,-0.309035144500574,0.0836364448086313,-3.69498183725621,0.000219902506115122,0.00937773896167301
"FBgn0052260",15.7569016887174,3.54413297577418,0.959121027214838,3.69518848530084,0.000219723726498901,0.00937773896167301
"FBgn0015035",3101.44718950936,-1.61142020504499,0.436217789321058,-3.69407265016185,0.000220690704237138,0.00937773896167301
"FBgn0037007",6650.6630702515,-0.428101076163026,0.115906315737451,-3.69350948168132,0.000221180259186809,0.00937773896167301
"FBgn0034390",4112.04906697601,0.574873724374013,0.155770658530473,3.69051353956722,0.000223801775503649,0.00945639145946582
"FBgn0034093",670.477301315268,-0.367004067704228,0.0995277918478578,-3.68745313133486,0.000226509796581585,0.0095381497277256
"FBgn0050344",1029.02566990621,-0.27252067729942,0.07396861649946,-3.68427436115977,0.00022935509465145,0.00957187031356692
"FBgn0036600",6.62829754136146,-4.57525038806563,1.24163906680797,-3.68484732026655,0.000228839776669301,0.00957187031356692
"FBgn0263118",126.243852540357,-0.479548016260451,0.13017187309655,-3.68396032762595,0.000229637997472508,0.00957187031356692
"FBgn0032067",51.3236924420117,4.03398224901273,1.09572381226746,3.68156847907222,0.000231803509024217,0.00959728756490198
"FBgn0043783",7699.54353825536,1.02603366875144,0.278658369929898,3.68204862825243,0.000231367264124715,0.00959728756490198
"FBgn0262106",3.39739759298663,3.00201421623523,0.81681197451326,3.67528183952511,0.000237586988052771,0.00980384032974948
"FBgn0035586",1239.15265746894,-0.234257411443998,0.0637639661769627,-3.67382121108761,0.000238949959714499,0.00982721534319164
"FBgn0053543",431.015017158456,-0.511209494817876,0.139398847424036,-3.66724333998856,0.000245179446626016,0.010049913662697
"FBgn0039770",331.855962671984,-0.576290975098926,0.157269518437033,-3.66435264014404,0.000247964952330735,0.010130435701512
"FBgn0031424",1655.84927236006,-0.474203673373688,0.129461224454165,-3.66290119202123,0.000249374749285161,0.0101544081078558
"FBgn0030737",3707.08926621312,1.08310389777566,0.295949478539819,3.65975943975157,0.000252452133266159,0.0102459026981509
"FBgn0259707",307.594710862896,-0.525475712105204,0.143664391833188,-3.65766148034333,0.000254526903142557,0.0102962391179438
"FBgn0036381",2952.54303277508,-1.0804111792113,0.295609889445107,-3.65485465063215,0.000257327722761502,0.0103755210569654
"FBgn0283651",159.711299635238,-0.823336632151151,0.225462791298699,-3.65176279158352,0.000260446400412615,0.0104525452975147
"FBgn0040093",34.3740933611454,-1.03945790964686,0.284682835146769,-3.65128410046557,0.000260932400035218,0.0104525452975147
"FBgn0053303",2401.65952018266,0.270813696764418,0.0741903447637222,3.65025526740565,0.000261979820075374,0.0104605405180905
"FBgn0035432",2144.48788301165,-0.256389957193469,0.0702592345118518,-3.64919941093607,0.000263058849472378,0.0104697422090006
"FBgn0038420",797.42242901136,-0.380062736553959,0.104249265397214,-3.64571141202607,0.000266653090563389,0.0105786682680743
"FBgn0029878",1093.01565495865,-0.449014506108273,0.123349382307407,-3.64018447201669,0.000272442782067549,0.0107737148882994
"FBgn0024989",42.8921798086439,-1.1550782449582,0.31738749360164,-3.63933131658919,0.000273346924835337,0.0107749340530939
"FBgn0266668",597.120454492744,-0.207824893526779,0.0571287177944417,-3.63783577770056,0.000274938631086344,0.0108031618800742
"FBgn0037607",21088.4958468542,0.478502195956508,0.131788831151336,3.63082509933663,0.000282516594819143,0.0110656817361225
"FBgn0003308",1804.68836885373,0.542703124917417,0.149641526883799,3.62668796702964,0.00028707986031049,0.0111730677493718
"FBgn0039676",74.3289227155067,0.847605508189701,0.233765225041888,3.62588365330139,0.000287974999538033,0.0111730677493718
"FBgn0036667",483.300130067926,0.301011305798943,0.0830046796088391,3.6264377769719,0.000287358022869034,0.0111730677493718
"FBgn0035445",61.25470909579,-0.923322332790265,0.254706729449137,-3.62504098257304,0.000288915631606799,0.0111744233942467
"FBgn0038402",28.3009982786059,-2.66769501383313,0.736947742438322,-3.61992426356662,0.000294689258077507,0.0113621127067509
"FBgn0039679",38.2244956203602,0.710792756449536,0.196432747108178,3.61850438337602,0.000296310481848553,0.0113856572734252
"FBgn0037917",1240.48215163631,-0.273013602191768,0.0754644875330114,-3.61777587202643,0.000297145537529819,0.0113856572734252
"FBgn0038405",16.3935889874834,1.41516431552428,0.391947856710537,3.61059332586023,0.000305497350491259,0.0116694313014277
"FBgn0085399",435.590664235854,-0.641851437559031,0.177848085453691,-3.60898705162704,0.000307394950572559,0.0117056756177908
"FBgn0038385",88.7010570503357,-0.61570715423453,0.170797328528514,-3.60489920737689,0.000312274098851891,0.0117928236384339
"FBgn0039617",169.580235931251,-0.824956233617057,0.228908055379913,-3.60387594157794,0.000313506739617954,0.0117928236384339
"FBgn0033927",1343.57271020321,0.472126448598848,0.130984292047829,3.60445089420683,0.000312813583832249,0.0117928236384339
"FBgn0012051",1256.75692443527,-0.311289214621277,0.086375388132458,-3.60391103706429,0.000313464387759044,0.0117928236384339
"FBgn0045495",14.4373100872871,-1.34421553816473,0.373215262544301,-3.60171641695701,0.000316123100076716,0.0118418858246271
"FBgn0030615",307.748863975726,0.807862318234061,0.224330340137366,3.60121737318,0.000316730614534523,0.0118418858246271
"FBgn0039609",478.591031732898,0.732295675251374,0.203529905178495,3.59797580905447,0.000320703439103824,0.0119181898544066
"FBgn0011770",2457.89119460493,0.555187493530299,0.154289478161353,3.59834967456234,0.00032024286555146,0.0119181898544066
"FBgn0010651",2484.93540381864,-0.784707633692531,0.218355278397426,-3.59371955398437,0.000325990710661429,0.012078298462885
"FBgn0052373",154.450143565628,0.644912648296803,0.179624835824148,3.59033117741119,0.00033025807943966,0.0121997730063668
"FBgn0034534",929.117271771639,-0.354272047040197,0.0987674995236126,-3.58692939224912,0.00033459487764266,0.0122958299761125
"FBgn0000557",4346.3549305934,-0.440864284535702,0.122915404121561,-3.58672932564007,0.000334851586316566,0.0122958299761125
"FBgn0050158",391.800965533191,-0.739927510581354,0.206417086476779,-3.58462336239105,0.000337564984138607,0.0123586847902141
"FBgn0037375",206.398241152848,-0.667684165022378,0.186371128923373,-3.58255148680727,0.000340254526103153,0.0124202968729607
"FBgn0023495",11.2654159166215,1.3481854126638,0.376510351043038,3.58073930485298,0.000342623377732044,0.0124698738479586
"FBgn0039430",2939.84973152931,-0.376740895820477,0.105246230138043,-3.57961416125153,0.000344101899085698,0.0124868506791746
"FBgn0050418",150.556542160898,-0.511574123755345,0.143049047189163,-3.57621482846269,0.000348605209239099,0.0125762896830175
"FBgn0038880",88.4212228229645,-1.11115709908101,0.310671437786446,-3.57663101248725,0.000348050917536274,0.0125762896830175
"FBgn0267739",3.30639234056812,5.49034207633313,1.54025268930974,3.56457230325865,0.000364449980031429,0.0131095739172821
"FBgn0037993",154.158855270863,-0.696446117600244,0.195473201290267,-3.56287262398726,0.000366818691220618,0.0131564215473255
"FBgn0004598",5068.91165498119,0.364977209047383,0.102546465930761,3.55913980783906,0.000372071437398565,0.0133061373757203
"FBgn0027579",6952.60870944674,0.45245806174325,0.127161798465404,3.55812883431614,0.000373506113425009,0.0133188393856583
"FBgn0261999",504.591346320071,-0.574673593009052,0.161806789431548,-3.55160370604946,0.000382891070369255,0.0136141499314578
"FBgn0031191",298.249235251105,0.456395767676211,0.128559056777466,3.5500864670019,0.00038510464102408,0.013653508795848
"FBgn0037717",525.330818059662,0.458702482289514,0.129249266500953,3.54897551612899,0.000386733037353694,0.0136719547704008
"FBgn0035285",2816.28098663061,-0.241150484843301,0.0680132908288107,-3.54563765265051,0.000391664364880261,0.0138067283825504
"FBgn0038540",48.1017028315669,-1.02719745268757,0.289804264372959,-3.54445251145661,0.00039342937108332,0.0138294347020684
"FBgn0038956",39.3548863531479,-0.974297184736513,0.275214290463857,-3.54014024160735,0.000399914459663234,0.0139382615913135
"FBgn0034128",129.947399791574,-1.07799543680532,0.304445513272179,-3.5408484927862,0.000398842533149639,0.0139382615913135
"FBgn0031725",130.88528051851,-0.999754494126336,0.282396090586548,-3.54025614182478,0.000399738862602804,0.0139382615913135
"FBgn0035444",722.955048085826,-0.288107335859667,0.0815202137344155,-3.53418278315966,0.000409038102173072,0.0141589961660566
"FBgn0050046",757.776498667776,0.387459506323502,0.109616417927346,3.53468498286735,0.000408261560371026,0.0141589961660566
"FBgn0003447",2146.73798584703,0.56440068869611,0.159716687624624,3.53376154420758,0.000409690519637074,0.0141589961660566
"FBgn0004619",194.224472591273,-0.937013675736389,0.265582291741428,-3.52814816677864,0.000418477845690704,0.0143821160449357
"FBgn0039073",1116.26756807014,0.804056227754601,0.227853988638573,3.52882226270795,0.000417413375355135,0.0143821160449357
"FBgn0037293",625.108858928483,-0.259902440217762,0.0737502622514606,-3.52408835281958,0.000424942528426853,0.0144573168585365
"FBgn0030306",1769.7006778687,0.286695797941083,0.0813680472162391,3.52344449387087,0.000425976310114285,0.0144573168585365
"FBgn0086706",6592.5225780399,-0.319346805684168,0.0906380013033999,-3.52332135629505,0.000426174287448029,0.0144573168585365
"FBgn0267191",5.7368682844542,3.24372778778207,0.920026465604499,3.52568965029805,0.000422381630025451,0.0144573168585365
"FBgn0037265",826.238058464099,-0.299568106567134,0.0850296081614708,-3.52310345824781,0.000426524828700542,0.0144573168585365
"FBgn0035189",2027.39164184529,1.0089537737021,0.286557684842682,3.52094474191473,0.000430012216640732,0.0144958763085064
"FBgn0039774",589.458530534744,0.73795621654446,0.20956410558233,3.52138652033873,0.000429296367983993,0.0144958763085064
"FBgn0035121",9464.59355320793,0.29452031868806,0.0837397247072122,3.51709203389218,0.000436302474361867,0.0146678472171028
"FBgn0020642",56.9222120547303,-2.86702968342427,0.816223353158786,-3.51255532242352,0.000443819596139695,0.014786020304637
"FBgn0033327",97.1082585602966,2.41418537367785,0.687394416819469,3.51208173154524,0.000444611244368643,0.014786020304637
"FBgn0039260",1861.72299584561,-0.342053638032532,0.0973920480784013,-3.51213107005591,0.000444528709309062,0.014786020304637
"FBgn0025700",3960.85203912987,0.40822377807448,0.116190316861778,3.51340618650788,0.00044240060734462,0.014786020304637
"FBgn0010406",1410.30569945615,-0.242762720746238,0.0691524993290603,-3.51054152925202,0.000447194948632258,0.0148319657963032
"FBgn0004034",5.83522367260511,-2.18077408864103,0.621930913792915,-3.50645713257978,0.000454114576791558,0.0149409750625447
"FBgn0034725",1230.0668326231,-0.419200227527244,0.119540356964298,-3.50676740619442,0.00045358543644409,0.0149409750625447
"FBgn0036194",856.20596520755,0.324491139507246,0.0925330046692882,3.50676108127012,0.000453596217217,0.0149409750625447
"FBgn0035244",1509.80342912838,-0.292719761684749,0.0835238620128195,-3.50462436279373,0.000457251950045109,0.015004187658661
"FBgn0010114",3050.02910022912,-0.471967239819099,0.134711080212378,-3.50355174255171,0.000459097454035802,0.0150247861747844
"FBgn0010226",2126.87240400811,0.463275012139508,0.13254163535146,3.4953168558019,0.000473499281509925,0.0154143380877822
"FBgn0033048",378.290155572273,-0.640752458109117,0.183284899986087,-3.49593697111849,0.000472400270687029,0.0154143380877822
"FBgn0033268",1426.17074517094,-0.8049050815291,0.23033614370404,-3.49448014794988,0.000474985932857559,0.0154220432620962
"FBgn0266829",15.4081840020877,0.862338246166318,0.247382855319961,3.48584482562862,0.000490585491356951,0.0158867291138112
"FBgn0053137",10.7001308608573,1.73889786708978,0.498950179722054,3.48511321923655,0.000491928845450825,0.0158885290449536
"FBgn0039481",29.679251116605,-0.815710547687838,0.234504999739492,-3.47843563503549,0.000504349543595783,0.016247166237297
"FBgn0266918",2578.8397957205,-0.417729979601784,0.120191361699164,-3.47554078509697,0.000509824463066091,0.0163382187670375
"FBgn0038524",808.931749260284,0.21365581030511,0.0614699560005881,3.47577620363135,0.000509377163788851,0.0163382187670375
"FBgn0031251",463.598039803813,-0.679004577092835,0.19577596040466,-3.46827350860322,0.000523813867710522,0.0166139215933481
"FBgn0050101",51.0405986383503,-2.22144413790929,0.640498702554874,-3.46830388422055,0.000523754657683015,0.0166139215933481
"FBgn0053506",490.441239891796,0.239048888787241,0.0689006428895882,3.46947254425929,0.000521481364187161,0.0166139215933481
"FBgn0033413",2166.3724106413,-0.170506325984903,0.049133971426036,-3.47023293733899,0.000520007179029585,0.0166139215933481
"FBgn0032864",2191.15280373623,0.505866517294769,0.145891418639238,3.46741790581722,0.000525484226241437,0.016624165085556
"FBgn0031294",16190.3806489441,-0.567520445094996,0.163754021610261,-3.46568859509118,0.000528875455554411,0.0166886582369062
"FBgn0010282",1300.81884870775,0.292408035683987,0.0844201670570814,3.46372254258006,0.000532755711396979,0.0167682142020815
"FBgn0038912",1201.21067236788,-0.399090944728564,0.1152881237698,-3.46168305701152,0.000536808917081255,0.0168527949591566
"FBgn0043791",733.145676893822,-3.08080001621435,0.890723278240647,-3.45876221209749,0.000542663767301338,0.0169933643679287
"FBgn0266416",7.43191472295936,3.48357683083067,1.00979548702374,3.4497845114144,0.000561034195540457,0.0175241516571599
"FBgn0031558",1609.2065480619,0.826956201725509,0.239826984736964,3.44813659160371,0.000564468500237329,0.0175514057894667
"FBgn0032813",68.0137118516854,-0.576767386750264,0.167275873054451,-3.4480010548952,0.000564751831611144,0.0175514057894667
"FBgn0004569",329.854432067328,-0.373495531532107,0.108449989873419,-3.4439425210463,0.000573297567187744,0.0177668432461859
"FBgn0261832",16.8204865978313,1.89708910873051,0.550943523673816,3.44334587342146,0.000574563985672571,0.0177668432461859
"FBgn0024983",612.420847554657,0.248375145227989,0.0721870947031999,3.4407139704014,0.000580181499754162,0.0178956983599171
"FBgn0261988",1737.55268069605,0.391216469653996,0.113746743397316,3.43936413447443,0.000583082377775568,0.0179403251296632
"FBgn0260635",4377.06513269046,-0.217011782069717,0.0631615529551063,-3.43582087387819,0.000590761427825361,0.0181313793445505
"FBgn0051665",1245.19362229861,-0.551679224138767,0.16062244709685,-3.43463341587695,0.000593355909304728,0.0181658193771755
"FBgn0011705",3390.33010775831,0.310072226753569,0.0904515673517937,3.42804702927483,0.000607940133674447,0.0185585370726938
"FBgn0267246",12.6892941065683,5.94100831182404,1.73334148851634,3.42748866924617,0.000609191725923245,0.0185585370726938
"FBgn0034046",1175.49724608754,0.539112921775646,0.157412972024912,3.4248316059386,0.000615180591058273,0.0186948229863965
"FBgn0039226",391.176998331761,-0.338898892730287,0.0990785283886999,-3.4205079369037,0.00062504311827245,0.018901426454033
"FBgn0035519",1515.18724713072,-0.210380733031827,0.0614993027699498,-3.42086370993175,0.000624226059362576,0.018901426454033
"FBgn0025683",11290.5680787739,-0.678104860264985,0.198328350906559,-3.41910199507718,0.00062828171206796,0.0189066823499866
"FBgn0261564",1949.87634561268,-0.222860768726191,0.0651718024378763,-3.41958884655105,0.000627158484504265,0.0189066823499866
"FBgn0034996",16.5081385301557,0.965627957693826,0.282743678661136,3.41520617637262,0.000637337494591099,0.0190625604807423
"FBgn0039155",215.285244705526,-0.617313648574334,0.180771595521812,-3.41488189442821,0.000638096731929531,0.0190625604807423
"FBgn0032651",100.776303495147,-0.946173712599153,0.277001645684869,-3.41576928274126,0.000636021096727656,0.0190625604807423
"FBgn0039525",577.644059092087,-0.484190813810868,0.14201390037409,-3.40946071148968,0.000650914527760959,0.0193985107331273
"FBgn0267585",38.5307611617072,1.01709221256835,0.298550429005599,3.40676855148406,0.000657368451702163,0.0195436432701236
"FBgn0036605",6.05888521589075,-11.3209874316427,3.32759400557406,-3.40215405265153,0.000668569397382819,0.0197813170861132
"FBgn0031634",70.4214887550595,-0.867002008214479,0.254812647847675,-3.40250774652585,0.000667704623570997,0.0197813170861132
"FBgn0027074",106.744649334856,0.527829623296418,0.155234664321453,3.40020462313375,0.000673354425640056,0.0198752318266675
"FBgn0035281",9.30054869970145,-3.03625487197993,0.893927916412503,-3.3965321098428,0.000682455498701955,0.020095789840059
"FBgn0043576",92.893950389567,2.68180904184623,0.78977356828155,3.3956682643628,0.00068461279267202,0.02011131579997
"FBgn0010414",199.792395036604,-0.6722983436867,0.19804789229506,-3.39462508737574,0.000687226382737802,0.0201193295071165
"FBgn0031955",153.761066636901,-0.728558700219671,0.214644433465288,-3.3942585347199,0.000688146948614295,0.0201193295071165
"FBgn0261575",5590.06007297788,1.3419366275564,0.395637141959457,3.39183682530473,0.000694257725265192,0.0202500042891772
"FBgn0004784",5811.73522466734,-3.89503825019812,1.14888487078985,-3.39027725860845,0.000698219686180569,0.0203175341700374
"FBgn0004168",307.384596974606,-0.616779470433529,0.18196116378399,-3.3896214862954,0.000699891892838691,0.0203182733502206
"FBgn0033426",946.922803665225,-0.241910720870979,0.0714088359166138,-3.38768610026727,0.000704848815422642,0.0204141424523112
"FBgn0265253",5.23380402086737,-3.87770431193751,1.14698582913637,-3.38077787312966,0.000722809491076429,0.0206789716834519
"FBgn0037102",600.856150940437,0.199935713642077,0.0591174689275987,3.38200733673051,0.000719582227505377,0.0206789716834519
"FBgn0036643",397.148481435829,-0.347516039079641,0.102766465629083,-3.38160933094594,0.000720625499008665,0.0206789716834519
"FBgn0035866",899.708324110381,0.211982474533323,0.0627110116230947,3.3803070473074,0.000724048935585283,0.0206789716834519
"FBgn0005391",758144.106521983,0.716465570056685,0.211912708700274,3.38094668531676,0.000722365574860767,0.0206789716834519
"FBgn0083949",375.916672854797,-0.840001720716383,0.248394442112033,-3.3817251045316,0.000720321882997332,0.0206789716834519
"FBgn0036953",23.3144176473394,1.42883496967956,0.422970877067313,3.37809302518994,0.000729903844475657,0.0207958257517292
"FBgn0037798",116.928607174746,-1.43439122351195,0.424691731019565,-3.37748799598329,0.000731511458603539,0.0207958257517292
"FBgn0015801",1337.06111947532,-0.315395849843176,0.0934917881083545,-3.37351393341242,0.000742152903506195,0.0210498448815159
"FBgn0036377",38.2557858853115,-0.665248095301055,0.197236821779047,-3.37283925638538,0.000743973715900359,0.0210530910705932
"FBgn0259823",331.499979130633,-0.686194659252037,0.203521700061987,-3.37160439915273,0.000747317088038276,0.0210993094558724
"FBgn0035978",11060.8441351659,0.336727884171838,0.0999381343450551,3.36936332040402,0.0007534204679649,0.0212230633190661
"FBgn0025833",397.096620703045,-0.574790774711965,0.170939375023249,-3.36254168844241,0.000772284641774332,0.0217048927339675
"FBgn0034432",5948.66240377239,-0.301773531213782,0.0899583766515935,-3.35459067233442,0.000794824998694911,0.0222876155315859
"FBgn0031069",6813.19127934511,-0.394329642459669,0.117571916472399,-3.35394415852906,0.000796684388609029,0.0222890974754154
"FBgn0261261",2080.21442508911,-0.249173244341129,0.0743425835460951,-3.35168933410328,0.00080320095844467,0.0224205733603854
"FBgn0040347",564.373971591842,0.659988253491448,0.197021930349658,3.34982127279008,0.000808637189629347,0.0225213671459298
"FBgn0030969",481.486129967024,0.311406131653826,0.0930315154662513,3.34731870262604,0.000815973414441363,0.0226235505334327
"FBgn0014141",2958.41384758247,-0.342300534788265,0.102257670988148,-3.34743136119284,0.00081564183552438,0.0226235505334327
"FBgn0265918",25.1435056149103,2.51000714898552,0.750209920851796,3.34573974459793,0.000820633814142311,0.022641354645676
"FBgn0004381",883.138514173678,0.279947373969894,0.0836609661925332,3.34621253746505,0.000819235750797704,0.022641354645676
"FBgn0036147",1451.43433984346,0.443568016468191,0.132596860952137,3.34523768725041,0.00082212083654262,0.022641354645676
"FBgn0031322",619.93817739426,-0.365607857493092,0.109420585354347,-3.34130781981387,0.000833847202620252,0.0229131554252309
"FBgn0010263",5311.54033983159,-0.40993875540943,0.122846121700347,-3.33701015331502,0.000846848544445786,0.0232187052030491
"FBgn0028573",20.0703433610126,-1.92522357024549,0.57799843882567,-3.33084562331519,0.00086582604805347,0.0235819190068297
"FBgn0035539",278.125559447301,-0.571134399689187,0.171488410815156,-3.33045479268451,0.000867042413906254,0.0235819190068297
"FBgn0004425",1490.37984628928,3.34149767092035,1.00338330434896,3.33023048762853,0.000867741224598854,0.0235819190068297
"FBgn0035471",3183.64375936749,-0.295470348950078,0.0886765852208554,-3.33199962779563,0.000862243715346769,0.0235819190068297
"FBgn0035317",47.6969607203432,-0.829788042626566,0.249335886449705,-3.32799283104378,0.000874741174279194,0.0237199046335312
"FBgn0034175",31.2027972878312,-0.687437598055261,0.206704956190173,-3.32569480057751,0.000881984451011459,0.0238638687644285
"FBgn0038788",504.378141995988,-0.263096048379861,0.0791506587335739,-3.32399063494163,0.00088739175820016,0.0239576356951282
"FBgn0027561",1800.20804546407,-0.201450819974121,0.0606503443458774,-3.32151156183526,0.000895312729280541,0.0241187084145487
"FBgn0033763",52.0276209589176,0.606397159092772,0.182906139521716,3.31534611510827,0.00091529719787604,0.0246033482078313
"FBgn0037347",809.312175883147,-0.311668299130417,0.0941223795555025,-3.31130917643907,0.000928605489978453,0.0249068142072916
"FBgn0033564",615.821810768057,-0.271102547664301,0.0819204020968436,-3.30934102769433,0.000935158554265748,0.0250281697234941
"FBgn0031002",490.75136336747,-0.459735996053963,0.138953659588089,-3.30855622958614,0.000937783512242021,0.0250440973464114
"FBgn0052406",224.437381939047,-0.558728909835568,0.169135360971113,-3.30344232351858,0.000955056133247243,0.0253417479342718
"FBgn0032934",442.684010798207,0.404543507477802,0.122474040634994,3.30309594898931,0.000956236630615044,0.0253417479342718
"FBgn0051235",14.1466894923046,-1.71503059732407,0.519260982968996,-3.30282970139212,0.000957144961693198,0.0253417479342718
"FBgn0035355",484.465303700371,0.481529094539386,0.145742743730258,3.30396616815862,0.000953273354857288,0.0253417479342718
"FBgn0030559",94.2127604349367,-0.793597728586979,0.240346246409052,-3.30189358246242,0.000960344976164437,0.0253720263724129
"FBgn0031942",167.610214610485,-0.64117254803569,0.194376337579077,-3.29861420387574,0.000971633475259555,0.0256154141404965
"FBgn0028527",766.459815580089,-0.283476983718773,0.0860757228986384,-3.29334421103372,0.000990031896828487,0.0260448049958846
"FBgn0041097",358.294322055377,-0.518671006850223,0.157555328328854,-3.29199280247532,0.000994801576523085,0.0261145996832805
"FBgn0011016",4431.54670058894,0.351398923312762,0.107194212600746,3.27815200827657,0.00104489110932126,0.0273712664688018
"FBgn0033729",4.59790094546721,-3.41740685365006,1.04344599318456,-3.27511617848112,0.00105618528278548,0.0274219161821187
"FBgn0032703",571.210701751955,0.230360635242148,0.0702967058430088,3.2769762463209,0.00104925196194249,0.0274219161821187
"FBgn0035160",313.15369317613,0.352301513413879,0.107611960844277,3.27381371596497,0.00106106535971543,0.0274219161821187
"FBgn0052266",6.56295071862009,-5.45181210132349,1.6659028973567,-3.27258696168542,0.00106568084119102,0.0274219161821187
"FBgn0265070",1019.15764148045,2.87899957287982,0.879651131451833,3.27288793243309,0.00106454676707463,0.0274219161821187
"FBgn0085433",584.171452800217,-0.443400362038417,0.135415290062116,-3.27437442134507,0.00105896195276413,0.0274219161821187
"FBgn0039530",520.926814436644,-0.591175920025062,0.180659971710754,-3.27231270118633,0.00106671524280571,0.0274219161821187
"FBgn0026077",264.219871821912,-0.573286762715393,0.175194742902336,-3.27228290768392,0.00106682766797025,0.0274219161821187
"FBgn0015033",395.655164559314,0.447227136306903,0.136618288795718,3.27355246687089,0.00106204671817799,0.0274219161821187
"FBgn0260746",780.072990528444,0.470128244209838,0.143786068662599,3.26963695845261,0.0010768559288227,0.0275915820145531
"FBgn0032749",3.22878675816992,-3.79495677455336,1.16076352486643,-3.26936253014158,0.00107790099943383,0.0275915820145531
"FBgn0050503",1743.11757152288,-0.555986957046011,0.17022131431824,-3.26625933581124,0.00108978396218958,0.0278011376050246
"FBgn0003463",493.131786152365,-0.465502723477397,0.142550186658717,-3.26553569931037,0.00109257232538771,0.0278011376050246
"FBgn0015795",5015.27653291612,-0.282020785213057,0.0864013713877965,-3.26407764926854,0.00109821063004092,0.0278011376050246
"FBgn0035936",1846.12487606362,0.282086424159871,0.0863858765289747,3.26542295447169,0.00109300735474419,0.0278011376050246
"FBgn0038038",3253.6011021521,-0.388013113306291,0.118886854869351,-3.26371753826521,0.00109960732300632,0.0278011376050246
"FBgn0034479",2801.4794408543,-0.638714176600538,0.195695693148486,-3.26381314951019,0.0010992363340635,0.0278011376050246
"FBgn0260767",160.285342603187,1.09649458819315,0.336146170343433,3.26195769855978,0.00110645653246057,0.0278601238724461
"FBgn0031432",719.454852529588,1.55768947107743,0.477494255756804,3.26221614668133,0.00110544819982352,0.0278601238724461
"FBgn0029082",107.85889359941,-0.922533105186042,0.282956947083008,-3.26033028945356,0.00111282541583383,0.0279634215489975
"FBgn0033668",66.0375466574412,-1.04348791069591,0.320131455138078,-3.25956070216791,0.00111584899397678,0.027982408308304
"FBgn0052121",94.377450004179,-0.575284833313189,0.176615229480035,-3.25727761420609,0.00112486360948687,0.0280942656150789
"FBgn0034045",953.970474579864,0.658302485793614,0.202072765397512,3.25774967496791,0.00112299420696227,0.0280942656150789
"FBgn0033504",3411.67809884,-0.45586700981598,0.140002701097373,-3.25613010493934,0.00112941985156195,0.0280943188076034
"FBgn0035041",212.330044478726,-0.578614596729735,0.177681438382256,-3.25647181831639,0.00112806128108831,0.0280943188076034
"FBgn0030745",761.775752642786,-0.273796244973689,0.0842423595549656,-3.25010180650323,0.00115363701254764,0.0286389808064643
"FBgn0034990",7.27510922612784,-3.30204751653871,1.01668459095457,-3.24785832884356,0.00116277150272878,0.0288077807242322
"FBgn0086758",372.660607486532,-1.14959585943357,0.354506243660583,-3.24280849770939,0.00118357735646739,0.0291838345948465
"FBgn0261931",1031.33169360049,0.316223704413826,0.097517676372349,3.24273215049135,0.00118389453849713,0.0291838345948465
"FBgn0037000",438.594784721718,-0.693626377926488,0.213920119607778,-3.24245507714866,0.00118504629048615,0.0291838345948465
"FBgn0030961",208.13348850974,-0.694047972159523,0.214110396520275,-3.24154260343822,0.00118884662849176,0.0292191029926918
"FBgn0265045",2026.1949248465,-0.363684146376289,0.112361627268898,-3.23672907927845,0.00120908139177864,0.0296573483335285
"FBgn0026438",3671.93514157724,-0.363340760210361,0.112326354824319,-3.23468842889661,0.00121775537898513,0.0298108449720605
"FBgn0004431",127.364664805181,1.70242749238739,0.526482968372339,3.23358511985785,0.00122246900727806,0.0298669754689044
"FBgn0037488",64.6359159677183,-0.760453548636162,0.235266282213105,-3.23230996589363,0.00122793779291073,0.0299412974089577
"FBgn0267702",60.3271100093431,-0.565909331149069,0.175294418665118,-3.22833627823702,0.00124512509639427,0.0303004998803008
"FBgn0039244",105.677151642424,-0.545088998921117,0.169003093482,-3.225319653567,0.00125832087112061,0.0305613443068623
"FBgn0052547",179.685724614564,-0.611658574468531,0.189690948184605,-3.22450059068328,0.00126192596252106,0.0305886886553729
"FBgn0047135",6991.52390260871,0.367165302864955,0.113988335676956,3.22107784699572,0.0012770945368735,0.0308956713645984
"FBgn0014417",2032.36796020732,0.360484644899435,0.111976581475832,3.21928603417171,0.00128510226565286,0.0310285552908513
"FBgn0004575",2702.70743659689,-0.527152832134762,0.163820483958964,-3.21786884884805,0.00129146855687398,0.0310642801107053
"FBgn0035227",2123.37962714821,-0.330071663972511,0.102575670625306,-3.21783578854886,0.00129161741747381,0.0310642801107053
"FBgn0005775",586.476037059433,-0.648734690274773,0.201644164070193,-3.21722522080504,0.00129436946935001,0.0310699037214794
"FBgn0283473",1103.32938383819,-0.296516632068439,0.0922698680950801,-3.21358031814776,0.00131091128191214,0.0314058706722952
"FBgn0033403",363.999913773979,-1.76649717947329,0.551188622094159,-3.20488687295784,0.00135115574329485,0.0323072859704881
"FBgn0030456",1315.93866628437,0.357957077511374,0.111733718331814,3.2036620892572,0.00135691634129017,0.0323822704426268
"FBgn0033521",533.897586932091,0.713147999192023,0.223115693945671,3.19631482026394,0.00139195143836337,0.0331542410164619
"FBgn0029950",89.1822154222662,-0.809124119598216,0.253240806355179,-3.19507796252786,0.00139793072267314,0.0332325033840871
"FBgn0000536",5864.84894355748,0.337357863585063,0.105667592295463,3.19263320244638,0.00140981904342401,0.0333973200779027
"FBgn0050497",2001.19318643376,-1.14661797292803,0.35915547570328,-3.19253930538795,0.00141027749721083,0.0333973200779027
"FBgn0033783",1174.01544247436,-0.217186194526736,0.0680752431006184,-3.19038441340158,0.00142083663792846,0.0335829165493511
"FBgn0000139",878.231319062641,-0.169015900948121,0.0530440442795997,-3.18633134489564,0.00144089470593623,0.0339918907874593
"FBgn0037228",709.047980290682,0.696535348678983,0.218689285878824,3.18504560422286,0.00144731198354554,0.0340781207118031
"FBgn0027578",2177.19108806852,0.598210963372414,0.187919788506911,3.18333139966477,0.00145590874877021,0.0342152421758608
"FBgn0025627",34.1288377002417,-0.759679168446322,0.238740632741222,-3.18202712175,0.00146248122394709,0.0343043599639908
"FBgn0261611",196.162783068958,-0.784318863175899,0.246657270875097,-3.17979218854271,0.00147380703233512,0.0345044234629046
"FBgn0026239",813.764263259832,-0.325984700546355,0.102535731918871,-3.17923024925868,0.00147666741890555,0.0345059140425316
"FBgn0259241",195.48577985476,-0.621812819433386,0.195732265218538,-3.17685394760605,0.00148881992764788,0.0345933338367599
"FBgn0039527",111.765063165637,-0.473862652768855,0.149135226731111,-3.17740257050888,0.0014860060932726,0.0345933338367599
"FBgn0040099",271.98271083752,-0.740450257931199,0.233043112860382,-3.17731019313498,0.00148647954464939,0.0345933338367599
"FBgn0039341",115.12996700043,19.820530133334,6.24016326840222,3.17628390168852,0.0014917488384633,0.0345962352800005
"FBgn0030968",1741.33278303969,0.706838843311961,0.222655532598213,3.17458468273263,0.0015005109967541,0.0347341551181089
"FBgn0034394",8501.21071028335,0.681603607599617,0.214860840108636,3.17230262738892,0.00151235320455932,0.0348583829050372
"FBgn0001138",73.6680789664637,-0.710445636090163,0.223979768449432,-3.17191878984624,0.0015143534800697,0.0348583829050372
"FBgn0010611",2218.06292033675,-0.310167224861009,0.0977621083895021,-3.17267323680506,0.00151042417399018,0.0348583829050372
"FBgn0034243",1523.2661720489,-0.225892476595876,0.071251489168798,-3.17035446179554,0.00152253082462261,0.0349813506782006
"FBgn0032900",568.441477297444,-0.410271245047494,0.12947833742808,-3.16864776917129,0.00153149874424894,0.0351219916478503
"FBgn0025835",12.1802207203545,-2.7989773490917,0.884528741175913,-3.16437128472578,0.00155418390033219,0.0355761056814444
"FBgn0032285",26772.6514327756,0.70390946870239,0.222569168316346,3.16265489073445,0.00156337543648587,0.0356542072742378
"FBgn0051481",81.372894341528,-2.46402484669627,0.779046441380019,-3.16287286073915,0.00156220540757516,0.0356542072742378
"FBgn0030710",824.650708197883,0.669921729299351,0.21186669418903,3.16199642357019,0.00156691488767745,0.0356689960962442
"FBgn0037339",1458.53364121066,-0.150973278699403,0.047784887514129,-3.15943568256309,0.00158074986634212,0.0359176645505139
"FBgn0004516",3101.4001040332,-0.466041163475473,0.148011182347145,-3.14868887664461,0.00164004701022213,0.0371965073752218
"FBgn0038072",310.352647419902,-0.357395957072702,0.113575472379454,-3.14677059742836,0.00165084427225064,0.0373726910661071
"FBgn0033657",229.909822048849,-0.629137049016407,0.199990650010233,-3.14583231258169,0.00165614930597064,0.0374241211301571
"FBgn0062412",1240.95472852545,-0.966299267426267,0.307491533141626,-3.14252316983702,0.00167498455971141,0.0377805475278233
"FBgn0014877",1180.22263395369,0.185063489930998,0.0589281245375025,3.1404951605616,0.00168662494087859,0.037973683431679
"FBgn0029723",333.349653793682,-0.31646609584105,0.100949592490231,-3.13489225696156,0.00171917240811923,0.0386359729897542
"FBgn0043364",2050.97706890219,-0.591380965540228,0.188785515345687,-3.13255476437027,0.00173292095622706,0.0388035912122133
"FBgn0034638",6617.1432507012,-0.437109048815732,0.139527486674769,-3.13278092534276,0.00173158632934141,0.0388035912122133
"FBgn0267277",5.83087282465896,-2.6556798536819,0.848431604524845,-3.13010481872511,0.00174743938562568,0.038987173851446
"FBgn0029720",420.475917458691,-0.497986561265374,0.15907660711719,-3.13048266674756,0.00174519298031363,0.038987173851446
"FBgn0050281",88.9861618676151,-1.0686313943478,0.341851061746297,-3.12601455408343,0.00177192782200968,0.0394621759349376
"FBgn0039271",236.097482400523,0.392919571992547,0.125745270694725,3.12472643958473,0.00177970484551021,0.039563961052081
"FBgn0032350",8124.44639295437,0.43279720204059,0.138659784159168,3.12128858893781,0.00180061482921086,0.0397980121214834
"FBgn0029092",7129.88080979287,-0.245021701005809,0.0785370094001042,-3.11982469000766,0.0018095870319462,0.0397980121214834
"FBgn0038755",611.132547576475,-0.267979652403279,0.0858904038891577,-3.12001853838188,0.00180839658419369,0.0397980121214834
"FBgn0031939",277.305091647137,-0.493403661047055,0.158082614110528,-3.12117599916508,0.00180130343523379,0.0397980121214834
"FBgn0086519",15.8327075241504,-4.9962755177506,1.60125588035707,-3.12022305681492,0.00180714139052883,0.0397980121214834
"FBgn0011582",311.351390051633,-0.653644436435894,0.209374269818669,-3.12189476291423,0.00179691158769938,0.0397980121214834
"FBgn0261788",7917.04621633784,-0.447052368562701,0.143452267276698,-3.11638412588073,0.00183083616564576,0.0401936950386787
"FBgn0039306",882.852726504737,-0.230659290172915,0.074032393692289,-3.11565354933187,0.00183537766021549,0.040221828724225
"FBgn0037185",363.643767383477,0.47151173779909,0.151532396553431,3.11162331305724,0.00186061747435354,0.0404872987629171
"FBgn0032820",5785.0482585587,0.46472805137042,0.149338755274434,3.11190521520289,0.00185884171121483,0.0404872987629171
"FBgn0035639",862.639007385496,-0.232200800049057,0.0746018075301565,-3.1125358451294,0.00185487487172138,0.0404872987629171
"FBgn0004395",1179.30936281404,-0.345611233853685,0.111017219465599,-3.11313177827139,0.00185113343349799,0.0404872987629171
"FBgn0036663",9584.0801362774,-0.344309394133187,0.110693508113407,-3.11047504050948,0.00186786680828852,0.0405021804581086
"FBgn0267823",297.803016178166,0.269508447206523,0.086631371525078,3.11097980399059,0.0018646769191703,0.0405021804581086
"FBgn0030048",322.703671560678,0.322110138561339,0.103594296496763,3.109342400635,0.00187504286010072,0.0405864540489872
"FBgn0011586",1609.85861811321,0.172924640549669,0.0556439442466077,3.10769919154701,0.00188549874765352,0.0407413021866009
"FBgn0264325",494.809566077132,-0.233295482772366,0.0751417095268164,-3.10474015352429,0.00190446253018933,0.041079123596986
"FBgn0265356",1639.8441838427,-0.393834024100499,0.126976814734896,-3.10162154345067,0.00192463843674117,0.0414418656762872
"FBgn0259700",3249.69517962547,-0.22208557608295,0.0716301767058521,-3.10044713410299,0.00193228703788999,0.0415340722534611
"FBgn0038145",11773.0267713143,-0.11062790206361,0.0356879807006991,-3.09986443310992,0.00193609235758031,0.0415434913179581
"FBgn0261278",3868.38089507528,0.549285739523744,0.177299104422288,3.09807396553715,0.00194782807339788,0.0417227478638596
"FBgn0030706",1421.80770021569,-0.454149458471856,0.146621092566001,-3.09743605455281,0.00195202505034912,0.0417401820991464
"FBgn0011288",2685.75095737767,-0.484309882800014,0.156456928289441,-3.0954837736815,0.00196492123697097,0.0417986176237033
"FBgn0052221",319.13474087056,-0.260130876390308,0.084022662699873,-3.09596087569242,0.00196176244173525,0.0417986176237033
"FBgn0263392",822.09598612924,-1.01531236127546,0.327948790275258,-3.09594787778689,0.0019618484364129,0.0417986176237033
"FBgn0025360",142.106938132095,-1.14769716372697,0.370898651963066,-3.09436865745539,0.00197232241269372,0.0418838449704218
"FBgn0040600",1512.45873509801,-0.319023897956582,0.103196822817451,-3.09141201489233,0.00199207009407274,0.0422305168740026
"FBgn0019985",507.253193127138,-0.597381498741152,0.193312191633159,-3.09024223301332,0.00199993315185933,0.042324485810704
"FBgn0267076",18.3451432314604,-2.44610889147585,0.791800989392191,-3.08929759402493,0.0020063036185932,0.0423865993941831
"FBgn0069969",645.615587290735,-0.518465539217854,0.167896291194198,-3.08801067331599,0.00201501233712908,0.042497815752989
"FBgn0000543",745.969548201473,-0.202407546470937,0.0655766773560765,-3.08657825665486,0.00202474642647029,0.0426302413136355
"FBgn0025712",417.871858389162,-0.4818242451473,0.156180090681169,-3.08505548335806,0.00203514184394817,0.0427761159635989
"FBgn0086357",10656.4561835461,0.30091052155921,0.0975790462643527,3.08376165866604,0.00204401276928552,0.0428895060330692
"FBgn0034959",702.710136236685,-0.349867616611633,0.113602338628465,-3.07975716728747,0.00207169430582396,0.0433229904156881
"FBgn0038498",468.379888509453,-0.495425260940392,0.160846333124526,-3.08011535803454,0.00206920433583131,0.0433229904156881
"FBgn0036560",268.413328385303,-0.465876998943994,0.151383336539769,-3.07746552290851,0.0020876898709413,0.0435836169672991
"FBgn0038837",253.026668085522,-0.751449937034256,0.244259073096417,-3.07644636290598,0.00209483988352447,0.0435971565911455
"FBgn0022023",4764.15158689296,-0.219299743449649,0.0712853259066841,-3.07636586717332,0.0020954055648038,0.0435971565911455
"FBgn0050403",111.15588010174,0.577242314135367,0.187910225990684,3.07190474117138,0.00212697590885029,0.0441795097026849
"FBgn0037849",146.903837673264,-0.651646788453412,0.212396888339015,-3.06806184191029,0.00215452026077575,0.0446764218108423
"FBgn0030258",446.391233041615,-0.46970594785225,0.153419065979539,-3.06158784668194,0.00220166377008135,0.045454923959313
"FBgn0051163",1708.97551026532,0.578471440245268,0.188987975165308,3.06089019547026,0.00220680008523492,0.045454923959313
"FBgn0039441",30.1840865289391,-5.15977371489598,1.68560884487027,-3.06107418135499,0.00220544446142935,0.045454923959313
"FBgn0014133",5275.74086824754,0.353248166554711,0.11539802733428,3.06112829408632,0.00220504589944852,0.045454923959313
"FBgn0261681",16.6125662418239,1.59038161807629,0.519697496447145,3.0602064257549,0.00221184485500267,0.0454829030350382
"FBgn0034186",354.939632677704,0.381019252363205,0.124677622214657,3.05603560282217,0.00224284622117002,0.0459696372868057
"FBgn0005638",37.8793259833838,-0.639137983682449,0.209174739482696,-3.0555218343433,0.00224669243669508,0.0459696372868057
"FBgn0028888",351.846474398548,-0.646285650559407,0.211487165186828,-3.0559095630625,0.00224378923139732,0.0459696372868057
"FBgn0050021",757.372015744955,-0.388892237412766,0.127385636346864,-3.05287353084167,0.00226661442107789,0.0463004780252633
"FBgn0037123",5.41090042284206,-7.29133921028835,2.39152364893579,-3.04882588701681,0.00229737587974601,0.0466201046123458
"FBgn0031559",129.659613332564,1.248041825633,0.409254760878078,3.04954748224615,0.00229186401240554,0.0466201046123458
"FBgn0052115",175.692708110639,0.471059414047685,0.154488236512967,3.04916040651514,0.00229481916214071,0.0466201046123458
"FBgn0004620",129.025601301701,-0.432104355816111,0.141700341250761,-3.04942353703605,0.00229280989893,0.0466201046123458
"FBgn0039767",1808.94281667757,0.168770835446614,0.0553793622147996,3.04754025140275,0.00230722623699042,0.046743115454824
"FBgn0028509",1637.60023132949,-0.256767292207665,0.0843539729493584,-3.04392648301004,0.00233512196786332,0.0470124851262286
"FBgn0031032",10.3699483604733,-1.19375336385706,0.392375519020212,-3.04237473030412,0.00234719491309425,0.0470124851262286
"FBgn0000108",3175.71231889603,-0.472859773282443,0.155409542094978,-3.04266885358593,0.00234490219453959,0.0470124851262286
"FBgn0035498",2089.36566751143,-0.251114424233545,0.0825075044876752,-3.04353435233344,0.00233816744144131,0.0470124851262286
"FBgn0051955",150.335478180243,-0.703014556088734,0.231050944616057,-3.0426820251999,0.00234479956856457,0.0470124851262286
"FBgn0039728",19.9947053988889,-0.863920948974912,0.283739851904491,-3.04476422038069,0.00232862786683906,0.0470124851262286
"FBgn0001297",3199.51082104415,-0.344356280205946,0.113175350674667,-3.04267915365979,0.00234482194167594,0.0470124851262286
"FBgn0019940",3454.30714090075,-3.44258304230252,1.13194001106905,-3.04131226799837,0.00235549401680304,0.0470164067402214
"FBgn0015400",370.423814182861,-0.655821687355595,0.215618977249609,-3.0415768394838,0.00235342488796869,0.0470164067402214
"FBgn0033520",612.703051502889,0.667517369976477,0.219514027823756,3.04088707493635,0.00235882280533288,0.0470164067402214
"FBgn0028946",5.23130254090126,-3.6051125639848,1.18605991666781,-3.03957035670948,0.00236915858519534,0.0471462558453874
"FBgn0050421",1301.53620421993,-0.225296810561705,0.0741927163246853,-3.03664324103934,0.00239228413200754,0.0474192330715443
"FBgn0031700",310.962888371879,-0.599689435537194,0.197474126383158,-3.03680004323007,0.0023910401039241,0.0474192330715443
"FBgn0267567",29.8060740341176,-0.701219951080077,0.230939765546961,-3.03637595465337,0.00239440607907052,0.0474192330715443
"FBgn0037973",1133.12487358876,0.578658621049474,0.190656791449869,3.03508003386087,0.00240471865127035,0.04750486378303
"FBgn0033781",414.740714241302,-0.300139748549953,0.0988972189958574,-3.03486540468368,0.00240643052880481,0.04750486378303
"FBgn0052368",215.751172470887,0.684379608153697,0.225603429302847,3.0335514414322,0.00241693501152898,0.0476360130547038
"FBgn0031550",9.98474230663312,-1.82231945333329,0.601454645706188,-3.02985348328908,0.00244672402045685,0.0479931334887069
"FBgn0064225",65082.9619399796,-0.346360735456213,0.114293137379377,-3.03045960061911,0.00244181851557659,0.0479931334887069
"FBgn0036805",1690.1114530005,-0.307284707863391,0.101405360166095,-3.03026099764431,0.00244342488179334,0.0479931334887069
"FBgn0051030",1500.60916376229,-0.480194679054768,0.158671725138941,-3.02634056971577,0.00247533321337846,0.0484004139249818
"FBgn0035144",221.106541734109,-0.520028337250117,0.171822049683952,-3.02655182036679,0.0024736041744443,0.0484004139249818
"FBgn0030090",679.118859193986,0.366123957860144,0.121021588297621,3.02527807650119,0.00248404626001332,0.0484597874761506
"FBgn0266096",60.7677371757358,0.779680695334569,0.257785271854885,3.02453545823004,0.00249015280109252,0.0484597874761506
"FBgn0283741",421.483524324258,-0.34763358837947,0.114936823105463,-3.02456235509912,0.00248993138897042,0.0484597874761506
"FBgn0028481",602.822643472364,-0.439855222614366,0.145492557661361,-3.02321458694915,0.00250104825928026,0.0484640519640895
"FBgn0039613",148.716946326308,0.581576688549754,0.192378824227002,3.02308058533255,0.00250215603024193,0.0484640519640895
"FBgn0036793",99.8476419521991,1.1099163015406,0.367034891418954,3.02400760115657,0.00249450171071483,0.0484640519640895
"FBgn0024366",68.4412470112954,-0.544641025690768,0.180360841660986,-3.01972989632915,0.00253000201860778,0.0489265907611016
"FBgn0031031",9.37947345233993,-2.290858816135,0.758847580592182,-3.01886554655322,0.0025372310644454,0.0489896038703089
"FBgn0032023",317.749513677826,-0.503018836596403,0.166845813655756,-3.01487238771394,0.00257087398782313,0.0495276984122256
"FBgn0037723",3250.41507770694,0.413568314157801,0.137197811912289,3.01439438715099,0.0025749284311775,0.0495276984122256
"FBgn0250833",7.29385766510942,-2.84825451669508,0.945114293866659,-3.01366145362407,0.00258115659580654,0.0495276984122256
"FBgn0263390",813.590552589125,-0.394035025719036,0.130732334690575,-3.01405942647365,0.00257777308080479,0.0495276984122256
"FBgn0030270",313.17696217689,1.30369868208613,0.432897519553168,3.01156422294079,0.00259905416853462,0.049793680638789
"FBgn0053523",2006.62367824471,-0.230218652475708,0.0764994686704264,-3.00941505185522,0.00261751264651141,0.0499078474063394
"FBgn0051118",268.115609654561,-0.37453412856036,0.12444010365633,-3.00975423159984,0.00261459160856246,0.0499078474063394
"FBgn0037069",7.11560724714318,-3.61528899947747,1.2009642146735,-3.01032200235903,0.00260970859888434,0.0499078474063394
"FBgn0034497",1496.91929391455,-0.373773209966133,0.124218904341259,-3.00898814031791,0.00262119347700664,0.0499078474063394
"FBgn0035187",119.728218974812,-0.797966642193339,0.265258560985921,-3.00825971168445,0.0026274849141072,0.04995055295879
