"","FBgn","baseMean","log2FC","lfcSE","stat","pvalue","padj","X","spp","gname","v3","cyt","pos","chr","startp","stopp","QTL"
"1683","FBgn0014455",6842.28121939685,-0.339601606215178,0.115786205699131,11.5422880324044,0.00311619050177092,0.0214122579851815,19157,"Dmel","Ahcy","1-50","13C3-13C3","X:15450261..15453167(1)","X",15450261,15453167,"step"
"675","FBgn0263830",442.283445540859,0.348035434571463,0.108431106816921,18.1094660410664,0.000116836735525668,0.00200699803322912,27308,"Dmel","CG40486","1-66","20F3-20F3","X:22958856..22960091(-1)","X",22958856,22960091,"Ilp5"
"1960","FBgn0052499",12.8282957613559,1.30297187124421,0.425407586707014,10.5632868314746,0.0050840686848853,0.0300045520705024,26944,"Dmel","Cda4","1-66","20C1-20C1","X:22583634..22632710(-1)","X",22583634,22632710,"Ilp5"
"52","FBgn0033128",702.777474607449,0.407532959583217,0.0687216379440453,43.496463696221,3.58808660687393e-10,7.99384295012202e-08,24840,"Dmel","Tsp42Eg","2-55","42E5-42E5","2R:7028911..7033233(1)","2R",7028911,7033233,"LinDiscrA"
"81","FBgn0033188",2882.0449065394,0.811638045858366,0.129379517863939,38.6152935533395,4.11903560817872e-09,5.95025027549594e-07,110,"Dmel","Drat","2-56","43D2-43D3","2R:7526118..7532981(-1)","2R",7526118,7532981,"LinDiscrA"
"84","FBgn0004133",239.785322968227,0.362750466501328,0.0670718547825902,38.3317773312058,4.746356026617e-09,6.54601602004261e-07,27165,"Dmel","blow","2-57","43E1-43E3","2R:7580488..7587079(-1)","2R",7580488,7587079,"LinDiscrA"
"98","FBgn0043576",92.893950389567,-3.16501279990857,0.507748049230515,36.1814774031197,1.39088751361512e-08,1.6442277393093e-06,27454,"Dmel","PGRP-SC1a","2-59","44E2-44E2","2R:8709733..8710320(1)","2R",8709733,8710320,"LinDiscrA"
"114","FBgn0025885",5958.73259428479,0.286452851692105,0.0647276448020356,34.1672997387761,3.80772110328841e-08,3.87547104169287e-06,26487,"Dmel","Inos","2-56","43C3-43C3","2R:7454922..7458874(-1)","2R",7454922,7458874,"LinDiscrA"
"134","FBgn0044011",218.93080975997,-0.893205477781198,0.156055118528188,32.6850744927423,7.98962238396988e-08,6.90744591927546e-06,26505,"Dmel","Spn43Ad","2-55","42F3-42F3","2R:7153738..7155424(-1)","2R",7153738,7155424,"LinDiscrA"
"141","FBgn0013307",2498.79616777947,0.947223837037172,0.179906413103678,32.2040191765567,1.01621613992719e-07,8.34954892273508e-06,27332,"Dmel","Odc1","2-58","44A2-44A2","2R:8004824..8006672(1)","2R",8004824,8006672,"LinDiscrA"
"187","FBgn0033232",614.935929442721,-0.102775783773191,0.0400754682966238,29.3847572047904,4.16084029790263e-07,2.57771844124075e-05,21177,"Dmel","CG12159","2-57","43F1-43F1","2R:7915027..7916478(-1)","2R",7915027,7916478,"LinDiscrA"
"190","FBgn0263240",142.296899611538,0.324267207803579,0.061289702240033,29.1629594528964,4.64883162464521e-07,2.83456391429025e-05,26523,"Dmel","Coop","2-56","43C5-43C5","2R:7490836..7492589(-1)","2R",7490836,7492589,"LinDiscrA"
"207","FBgn0033377",1786.57821511746,-0.512554604494189,0.0952273465552518,28.2748798038915,7.24749396427648e-07,4.05614577662527e-05,28898,"Dmel","Pgm2a","2-60","45A6-45A7","2R:9107151..9109718(-1)","2R",9107151,9109718,"LinDiscrA"
"220","FBgn0028473",8906.88204931592,0.329164069299279,0.0637537153770164,27.7481323778231,9.43125771960132e-07,4.95443165632556e-05,5948,"Dmel","Non1","2-60","45D2-45D3","2R:9396265..9398734(-1)","2R",9396265,9398734,"LinDiscrA"
"225","FBgn0033153",266.547697416156,0.150324349493573,0.0820443008710641,27.3848266350117,1.13099439401385e-06,5.74674125203967e-05,26450,"Dmel","Gadd45","2-55","43A2-43A2","2R:7249161..7250655(1)","2R",7249161,7250655,"LinDiscrA"
"231","FBgn0033426",946.922803665225,0.188224028892001,0.0422611647828395,27.2349182575638,1.219025085673e-06,6.08724380065589e-05,23348,"Dmel","CG1814","2-61","45F4-45F4","2R:9577427..9581847(1)","2R",9577427,9581847,"LinDiscrA"
"272","FBgn0033127",1411.23907262247,0.171879115481827,0.0684895761349321,25.350601897105,3.12742383395778e-06,0.000132715037056413,24833,"Dmel","Tsp42Ef","2-55","42E5-42E5","2R:7025010..7028082(1)","2R",7025010,7028082,"LinDiscrA"
"276","FBgn0029506",5217.43912718615,0.21525266854085,0.044003647960247,25.1875252020715,3.39311356943267e-06,0.000141910544050099,3027,"Dmel","Tsp42Ee","2-55","42E5-42E5","2R:7012254..7018362(1)","2R",7012254,7018362,"LinDiscrA"
"283","FBgn0259226",79.7831563012412,0.544231344533679,0.109136128293005,25.0898344719878,3.5629659213031e-06,0.000145341409148931,27466,"Dmel","CG42326","2-59","44D3-44D3","2R:8573368..8584779(-1)","2R",8573368,8584779,"LinDiscrA"
"293","FBgn0033268",1426.17074517094,0.68931425059046,0.138484425659279,24.9251844910679,3.86869914553649e-06,0.00015255307607541,27936,"Dmel","Obp44a","2-58","44B3-44B3","2R:8134170..8135315(-1)","2R",8134170,8135315,"LinDiscrA"
"298","FBgn0033226",1805.72321726024,0.213004593336818,0.051455769846816,24.8429936030468,4.03099706666592e-06,0.000156184284338878,27921,"Dmel","CG1882","2-57","43E18-43E18","2R:7812504..7815486(1)","2R",7812504,7815486,"LinDiscrA"
"323","FBgn0033382",1675.95044022256,0.184761794984421,0.0384183122282039,24.1209728882403,5.78358720479556e-06,0.000207044289049765,27484,"Dmel","Hydr1","2-60","45A11-45A11","2R:9132480..9135453(1)","2R",9132480,9135453,"LinDiscrA"
"327","FBgn0033327",97.1082585602966,-2.43836478325985,0.47960892423672,24.0172095807553,6.09156950912833e-06,0.000215154977936743,27458,"Dmel","PGRP-SC1b","2-59","44E2-44E2","2R:8713446..8715094(1)","2R",8713446,8715094,"LinDiscrA"
"333","FBgn0014469",3233.57320974209,-0.356320815829633,0.0913844668750064,23.9220945581793,6.38826861160492e-06,0.00022158111336959,27095,"Dmel","Cyp4e2","2-59","44D1-44D1","2R:8444560..8447164(1)","2R",8444560,8447164,"LinDiscrA"
"344","FBgn0050491",284.388157979059,0.0204791520717233,0.0417409053804384,23.6634016176018,7.27038864727053e-06,0.000244137543416316,66,"Dmel","CG30491","2-57","43E7-43E7","2R:7655072..7656770(1)","2R",7655072,7656770,"LinDiscrA"
"368","FBgn0033134",853.213811043031,0.186587899908834,0.0678242593362293,22.9074746657793,1.06097482536676e-05,0.000333100090836692,24861,"Dmel","Tsp42El","2-55","42E5-42E5","2R:7045769..7048538(1)","2R",7045769,7048538,"LinDiscrA"
"387","FBgn0033132",2668.35268784732,0.33358603308951,0.0981878221955063,22.2820395681283,1.45049616535702e-05,0.000433092733908791,3102,"Dmel","Tsp42Ej","2-55","42E5-42E5","2R:7040136..7042762(1)","2R",7040136,7042762,"LinDiscrA"
"408","FBgn0033130",550.665621587302,0.283253004721123,0.0759889946311696,21.9143917424632,1.74321235774613e-05,0.000493768096931268,24849,"Dmel","Tsp42Ei","2-55","42E5-42E5","2R:7035125..7036949(1)","2R",7035125,7036949,"LinDiscrA"
"433","FBgn0010114",3050.02910022912,0.44498466409423,0.0963254061371053,21.3798446789787,2.27732868225537e-05,0.000607899833731069,21252,"Dmel","hig","2-60","45B7-45B8","2R:9227785..9247249(-1)","2R",9227785,9247249,"LinDiscrA"
"454","FBgn0050431",1145.97775051031,0.654750749101279,0.159030925587929,21.0955254370886,2.62521486604702e-05,0.000668420092816588,3168,"Dmel","CG30431","2-55","42A13-42A13","2R:6202725..6205224(1)","2R",6202725,6205224,"LinDiscrA"
"462","FBgn0085421",1318.95429688754,0.279451241986908,0.0721192742246605,20.9680004489186,2.79805697980105e-05,0.000700118576911341,23329,"Dmel","Epac","2-55","42C8-42D1","2R:6759715..6798941(-1)","2R",6759715,6798941,"LinDiscrA"
"515","FBgn0033174",187.835945354974,0.341865441987737,0.0841631199469803,20.0795325213654,4.36299699016823e-05,0.000979560467656957,26470,"Dmel","CG11125","2-56","43C1-43C1","2R:7447473..7449995(1)","2R",7447473,7449995,"LinDiscrA"
"555","FBgn0027561",1800.20804546407,0.157372613169434,0.0372762907503003,19.4913926348363,5.85460860927382e-05,0.00121988562479204,27497,"Dmel","CG18659","2-60","45A9-45A10","2R:9123304..9132030(-1)","2R",9123304,9132030,"LinDiscrA"
"583","FBgn0011286",1856.59009584057,0.55136001611,0.130992559563454,19.1743890064727,6.86016134907072e-05,0.00136087276077028,21394,"Dmel","RyR","2-59","44F1-44F2","2R:8860364..8888097(1)","2R",8860364,8888097,"LinDiscrA"
"593","FBgn0033065",6075.37551352387,0.322765217350635,0.219906679322012,19.02129080831,7.4059228174682e-05,0.00144440430707692,27751,"Dmel","Cyp6w1","2-55","42A12-42A12","2R:6173684..6176195(1)","2R",6173684,6176195,"LinDiscrA"
"619","FBgn0029508",2002.97369850783,0.181434705295392,0.0598869006959771,18.7192679631271,8.6131618707948e-05,0.00160941097214771,24664,"Dmel","Tsp42Ea","2-55","42E4-42E4","2R:6992676..7004259(1)","2R",6992676,7004259,"LinDiscrA"
"644","FBgn0033413",2166.3724106413,0.109682583287511,0.0283715757390415,18.4772786366585,9.72097718291535e-05,0.00174600807231123,5189,"Dmel","prel","2-60","45D5-45D5","2R:9424087..9426107(1)","2R",9424087,9426107,"LinDiscrA"
"716","FBgn0033249",238.07269472763,0.349170265334288,0.0890172222712724,17.5742996811741,0.000152682517637649,0.00246698321733915,27343,"Dmel","CG11191","2-58","44A2-44A2","2R:8000490..8002120(-1)","2R",8000490,8002120,"LinDiscrA"
"749","FBgn0033235",1350.27438529378,-0.0668154443256963,0.0435057337517255,17.1827759881444,0.000185698160749665,0.00286680478463499,21167,"Dmel","CG8728","2-57","43F3-43F4","2R:7936866..7939114(-1)","2R",7936866,7939114,"LinDiscrA"
"752","FBgn0023171",414.697345069828,-0.0756549551978579,0.0424567635129418,17.1613001129481,0.000187702920240128,0.00288783310887368,21170,"Dmel","rnh1","2-57","43F2-43F2","2R:7931054..7932380(-1)","2R",7931054,7932380,"LinDiscrA"
"755","FBgn0013308",134.384583537224,-0.395385612615404,0.114311439706737,17.1483212006765,0.000188924971041436,0.00289750290884845,27333,"Dmel","Odc2","2-58","44A2-44A2","2R:8007246..8009062(1)","2R",8007246,8009062,"LinDiscrA"
"798","FBgn0050158",391.800965533191,0.337023610730768,0.0868172784806117,16.7017235740897,0.000236192882729515,0.00342464899426962,4444,"Dmel","CG30158","2-55","42D6-42E1","2R:6891760..6922613(1)","2R",6891760,6922613,"LinDiscrA"
"823","FBgn0003460",166.189434834534,0.495471225517307,0.128721437648288,16.4034727078022,0.000274177087964884,0.00384572026086229,26464,"Dmel","so","2-56","43B3-43C1","2R:7419350..7434872(1)","2R",7419350,7434872,"LinDiscrA"
"837","FBgn0033135",87.9260420215247,0.405616060966506,0.125255108151582,16.3072443037199,0.000287691408125113,0.00397721355982033,24868,"Dmel","Tsp42En","2-55","42E7-42E7","2R:7052747..7054399(1)","2R",7052747,7054399,"LinDiscrA"
"842","FBgn0265137",2185.99052954245,-0.250426697293005,0.0636142090516735,16.2867404195795,0.000290655974089395,0.0039945740861781,4588,"Dmel","Spn42Da","2-55","42D6-42D6","2R:6875906..6878927(-1)","2R",6875906,6878927,"LinDiscrA"
"846","FBgn0010482",1994.59823827266,0.450773586399594,0.116883458071398,16.2098055469204,0.000302054596607508,0.00412653596898347,19867,"Dmel","l(2)01289","2-55","42C6-42C7","2R:6721101..6740672(-1)","2R",6721101,6740672,"LinDiscrA"
"937","FBgn0029092",7129.88080979287,0.177861568722884,0.0486905196526644,15.3983321333851,0.000453204968059048,0.00559741956819197,27503,"Dmel","ced-6","2-60","45D7-45D8","2R:9434669..9444937(-1)","2R",9434669,9444937,"LinDiscrA"
"946","FBgn0033215",72.8809584547286,0.591040408545456,0.15167413592435,15.3529490783599,0.000463606447477802,0.00567146852590321,31486,"Dmel","Dgat2","2-57","43E12-43E12","2R:7712578..7714182(1)","2R",7712578,7714182,"LinDiscrA"
"963","FBgn0003074",11257.2709257595,-0.350877658951604,0.0923439637655977,15.2296468076479,0.000493087751996957,0.0059257485548597,27419,"Dmel","Pgi","2-59","44F6-44F6","2R:8910900..8914069(-1)","2R",8910900,8914069,"LinDiscrA"
"1025","FBgn0001285",1229.80178765416,-1.09824307947606,0.278255555885348,14.8101344743666,0.000608163232707427,0.00686702831473249,27900,"Dmel","Jon44E","2-59","44E2-44E2","2R:8691448..8692844(1)","2R",8691448,8692844,"LinDiscrA"
"1026","FBgn0033274",562.404926961951,0.211816777353525,0.0848835646623964,14.7921497960486,0.00061365670532663,0.00691275657625134,17538,"Dmel","CG14757","2-58","44B8-44B8","2R:8172364..8173613(-1)","2R",8172364,8173613,"LinDiscrA"
"1043","FBgn0053774",451.235994033805,-0.198039256311538,0.0884901459029588,14.7319168090955,0.000632419002692039,0.00701779132776559,23373,"Dmel","CG33774","2-60","45D3-45D3","2R:9399753..9400329(-1)","2R",9399753,9400329,"LinDiscrA"
"1046","FBgn0266805",26.4496188551667,0.555640620118117,0.15908928825085,14.7066687506408,0.000640453284470884,0.00708658194899254,30539,"Dmel","lncRNA:CR45267","2-58","44A2-44A3","2R:8019176..8026595(1)","2R",8019176,8026595,"LinDiscrA"
"1084","FBgn0042083",1350.08466631551,-0.185758030274196,0.0552506144042234,14.4223412629393,0.00073829238110041,0.00788553285291808,28921,"Dmel","Mccc2","2-55","42C8-42C8","2R:6746381..6748954(1)","2R",6746381,6748954,"LinDiscrA"
"1098","FBgn0042086",538.023533957224,-0.184260600474617,0.30367575062536,14.3269442098202,0.000774361216767082,0.00817027253163142,24752,"Dmel","Tsp42Eb","2-55","42E4-42E4","2R:6998848..6999848(1)","2R",6998848,6999848,"LinDiscrA"
"1114","FBgn0033337",402.63415916462,0.108508742527321,0.0403205278412065,14.2176457984282,0.000817857125995429,0.00849764556471484,27319,"Dmel","CG8272","2-59","44F2-44F3","2R:8888404..8891401(-1)","2R",8888404,8891401,"LinDiscrA"
"1124","FBgn0033246",18479.3289876912,-0.382916248405418,0.100995140119785,14.1649953595497,0.000839673292086764,0.00863142421368693,21038,"Dmel","ACC","2-58","44A1-44A2","2R:7974115..7991862(-1)","2R",7974115,7991862,"LinDiscrA"
"1125","FBgn0265310",45.2366427933191,-0.485809721984483,0.130461123501883,14.1701074409036,0.000837529793598523,0.00863142421368693,29452,"Dmel","lncRNA:CR44283","2-60","45B1-45B1","2R:9161484..9161998(1)","2R",9161484,9161998,"LinDiscrA"
"1128","FBgn0033187",468.447587397775,0.113822852715223,0.0440635330033843,14.1511697962267,0.000845497879076314,0.00867590162010549,20939,"Dmel","PIG-G","2-56","43D1-43D1","2R:7519280..7522541(1)","2R",7519280,7522541,"LinDiscrA"
"1134","FBgn0033196",1012.17525305643,0.167812090325998,0.0649841865937457,14.1172277083778,0.000859969311041524,0.00876547224972076,24675,"Dmel","CG1358","2-57","43E3-43E4","2R:7595265..7620711(-1)","2R",7595265,7620711,"LinDiscrA"
"1163","FBgn0033192",600.617330647921,0.285792464983653,0.078016966326624,13.9583639384081,0.000931064531227159,0.00927013244983706,27821,"Dmel","Corin","2-56","43D5-43D6","2R:7540111..7564435(1)","2R",7540111,7564435,"LinDiscrA"
"1183","FBgn0033375",320.451228318393,0.0910078761153287,0.0643385501519299,13.859502997845,0.000978243932864641,0.00957175334648384,27377,"Dmel","CG8078","2-60","45A3-45A3","2R:9096931..9098525(-1)","2R",9096931,9098525,"LinDiscrA"
"1188","FBgn0028562",71.6026904592003,0.179144313190212,0.165038409019893,13.8378013196988,0.000988916498785935,0.0096354900239151,27111,"Dmel","sut2","2-58","44A4-44A4","2R:8087396..8089297(1)","2R",8087396,8089297,"LinDiscrA"
"1200","FBgn0086784",2323.89048535068,0.14572408225908,0.0394039463742627,13.770410137153,0.00102280638839882,0.00986612157335577,27461,"Dmel","stmA","2-59","44E3-44E3","2R:8729502..8734304(-1)","2R",8729502,8734304,"LinDiscrA"
"1208","FBgn0284249",1036.28006601824,0.0851894757634598,0.0491909002526896,13.713520158573,0.00105231784182514,0.0100836246464385,19541,"Dmel","Adf1","2-55","42C3-42C3","2R:6662265..6668085(1)","2R",6662265,6668085,"LinDiscrA"
"1263","FBgn0033258",260.929985695597,-0.0325972194143142,0.0889269209441872,13.4050424844515,0.0012278123845681,0.0112444319962225,27398,"Dmel","CG8712","2-58","44A4-44A4","2R:8096792..8098484(-1)","2R",8096792,8098484,"LinDiscrA"
"1271","FBgn0002891",335.876000478773,-0.157618936536918,0.0893387494800771,13.3847804018258,0.00124031462598924,0.0113024855063968,61,"Dmel","mus205","2-57","43E17-43E17","2R:7793625..7801044(1)","2R",7793625,7801044,"LinDiscrA"
"1348","FBgn0014009",3233.49027422209,0.127585118233703,0.0359447754344306,12.979525256564,0.00151890951143976,0.0130344938444664,19448,"Dmel","Rab2","2-55","42C5-42C5","2R:6696739..6699469(1)","2R",6696739,6699469,"LinDiscrA"
"1520","FBgn0010220",540.526990699727,0.124607842854234,0.0360477618075208,12.2362745936149,0.00220255485030363,0.0167651760451823,27353,"Dmel","Dbp45A","2-60","45A2-45A2","2R:9087834..9089802(1)","2R",9087834,9089802,"LinDiscrA"
"1561","FBgn0033381",471.416746513243,-0.100968397885219,0.0796123129453483,12.0425427223668,0.00242658257019063,0.0179858983209587,3633,"Dmel","GstE13","2-60","45A9-45A9","2R:9122125..9123309(1)","2R",9122125,9123309,"LinDiscrA"
"1568","FBgn0010548",4187.91129931657,0.177416083195038,0.0517806770977436,12.0189477132462,0.00245537972239466,0.0181066671444571,24151,"Dmel","Aldh-III","2-56","43C4-43C4","2R:7466879..7477162(-1)","2R",7466879,7477162,"LinDiscrA"
"1593","FBgn0265313",966.43651470525,0.429856373105966,0.188945712982296,11.8987717222087,0.00260744135794528,0.0189386884838847,27402,"Dmel","CG44286","2-60","45A11-45A12","2R:9138486..9141981(1)","2R",9138486,9141981,"LinDiscrA"
"1661","FBgn0021847",1331.7218117397,0.121063484075194,0.0444443134284338,11.599456630621,0.00302837739739262,0.021096663949966,21166,"Dmel","l(2)k14710","2-55","42A13-42A13","2R:6209782..6214122(-1)","2R",6209782,6214122,"LinDiscrA"
"1721","FBgn0050159",960.585078241394,-0.122026527469833,0.036493049852734,11.332467288178,0.00346087564933434,0.0232295738108565,24674,"Dmel","CG30159","2-55","42E4-42E4","2R:6992681..6994306(1)","2R",6992681,6994306,"LinDiscrA"
"1725","FBgn0033434",1245.47702607979,0.135844109800601,0.0603731811342957,11.3143739552106,0.00349232708790881,0.0234135470563794,4576,"Dmel","CG1902","2-61","45F6-45F6","2R:9594045..9605624(1)","2R",9594045,9605624,"LinDiscrA"
"1742","FBgn0003892",164.606205220661,0.42220412052911,0.125379654045086,11.2465217710631,0.00361284081936968,0.0239855363280216,27481,"Dmel","ptc","2-59","44D5-44E1","2R:8649649..8665223(1)","2R",8649649,8665223,"LinDiscrA"
"1771","FBgn0033079",2608.40129134503,-0.385543172583217,0.122647229762683,11.1002666780321,0.00388693892830896,0.0253834202279929,21068,"Dmel","Fmo-2","2-55","42C2-42C2","2R:6642418..6645098(-1)","2R",6642418,6645098,"LinDiscrA"
"1774","FBgn0005695",2007.17889702627,-0.160672141076681,0.0788329052436682,11.0863068874481,0.00391416425948296,0.0255130284231268,27459,"Dmel","gcl","2-59","44E3-44E3","2R:8724258..8728999(1)","2R",8724258,8728999,"LinDiscrA"
"1776","FBgn0050157",40.4610549876308,0.169631423894678,0.129023279390744,11.0804025800974,0.00392573654706873,0.0255647318143852,1084,"Dmel","CG30157","2-55","42E1-42E1","2R:6974038..6975133(-1)","2R",6974038,6975133,"LinDiscrA"
"1783","FBgn0050493",472.692686195644,0.0215466249532422,0.0539863680475828,11.0586999914207,0.00396856783701956,0.0257423619215406,4994,"Dmel","CG30493","2-57","43E11-43E11","2R:7699253..7703501(1)","2R",7699253,7703501,"LinDiscrA"
"1800","FBgn0050338",72.3566308878237,-0.0861123443395296,0.0777263260621812,11.0223879789035,0.00404127925662566,0.0259668442529164,4551,"Dmel","CG30338","2-61","45F6-45F6","2R:9594045..9599505(1)","2R",9594045,9599505,"LinDiscrA"
"1858","FBgn0016032",239.24857830051,0.18495796363612,0.0853588452582393,10.841539703749,0.00442373971227214,0.0275272533643878,24862,"Dmel","lbm","2-55","42E6-42E6","2R:7049238..7051964(1)","2R",7049238,7051964,"LinDiscrA"
"1896","FBgn0033206",659.214017046708,0.105197491300232,0.0331725520447006,10.7238086709395,0.00469196252383723,0.0286260718555673,28803,"Dmel","DCTN4-p62","2-57","43E9-43E9","2R:7667248..7669029(-1)","2R",7667248,7669029,"LinDiscrA"
"1909","FBgn0033190",25.8103652161142,0.534872785363123,0.166182558800555,10.677577563994,0.00480168307455041,0.0290938799260808,22203,"Dmel","Gpo2","2-56","43D3-43D3","2R:7535919..7538297(1)","2R",7535919,7538297,"LinDiscrA"
"1978","FBgn0025469",341.803173047147,0.0431098090096779,0.0522001839542609,10.5023536394549,0.00524134664824049,0.0306516915294629,27337,"Dmel","slv","2-58","44A4-44A4","2R:8080559..8083357(-1)","2R",8080559,8083357,"LinDiscrA"
"1994","FBgn0262867",250.136405371983,0.448071686214467,0.139862740656286,10.4389488612907,0.00541017179986599,0.0312914829263342,21202,"Dmel","Ptr","2-55","42A13-42A13","2R:6181748..6196320(-1)","2R",6181748,6196320,"LinDiscrA"
"2034","FBgn0004132",699.163556022421,-0.149205725965826,0.0839005738093682,10.3327934557184,0.00570508881504112,0.0324464673157837,27166,"Dmel","boca","2-56","43D7-43D7","2R:7565873..7566738(-1)","2R",7565873,7566738,"LinDiscrA"
"2043","FBgn0004360",80.4889428821539,0.273403890347609,0.0892880927818296,10.2961814389889,0.0058104879943973,0.0328206846527693,27502,"Dmel","Wnt2","2-60","45E1-45E1","2R:9494166..9503188(1)","2R",9494166,9503188,"LinDiscrA"
"2101","FBgn0085459",11.4216457195559,-0.015447277909598,0.31178349947371,10.1353141034141,0.00629715678319993,0.0346732705957087,17495,"Dmel","CG34430","2-57","43F5-43F5","2R:7943442..7944475(1)","2R",7943442,7944475,"LinDiscrA"
"2112","FBgn0033108",814.594183907473,0.452032491867579,0.14624170009888,10.0947960796969,0.00642603199153505,0.0351988560860206,20598,"Dmel","CG15236","2-55","42D4-42D6","2R:6828356..6838360(1)","2R",6828356,6838360,"LinDiscrA"
"2239","FBgn0010504",778.030400904635,-0.0579989277740383,0.0839424110011311,9.67384099910066,0.00793144135919051,0.040993031568586,27390,"Dmel","kermit","2-58","44B5-44B5","2R:8146918..8156654(-1)","2R",8146918,8156654,"LinDiscrA"
"2250","FBgn0033294",452.018646430215,-1.9378559303785,0.624087362254292,9.64411566832962,0.00805020409735146,0.0414093244533696,27328,"Dmel","Mal-A4","2-59","44D1-44D1","2R:8458815..8460884(1)","2R",8458815,8460884,"LinDiscrA"
"2252","FBgn0033101",2597.78493913947,-0.163450237488779,0.058865607663455,9.63865280134598,0.0080722227519947,0.0414527005852836,20662,"Dmel","CG9436","2-55","42C8-42C8","2R:6757601..6758903(-1)","2R",6757601,6758903,"LinDiscrA"
"2274","FBgn0033129",182.73283660313,0.304607568667362,0.106962384959141,9.58700863003975,0.0082833788925187,0.0421315839859012,24847,"Dmel","Tsp42Eh","2-55","42E5-42E5","2R:7033562..7034920(1)","2R",7033562,7034920,"LinDiscrA"
"2284","FBgn0013732",911.2200145481,-0.200618635624893,0.151722856456856,9.54742648642821,0.00844894883805771,0.0427988947480973,21039,"Dmel","sced","2-55","42C3-42C3","2R:6657326..6660624(1)","2R",6657326,6660624,"LinDiscrA"
"2293","FBgn0033139",410.862265378802,0.06893037744609,0.208127051320032,9.53122764511397,0.0085176583066373,0.0429778185898925,24955,"Dmel","Tsp42Er","2-55","42E7-42E7","2R:7064399..7066113(1)","2R",7064399,7066113,"LinDiscrA"
"2326","FBgn0026326",785.070763081264,-0.0607239124342718,0.0546432992269463,9.41483634512838,0.00902805640226907,0.0449077000516475,5274,"Dmel","Mad1","2-60","45C4-45C4","2R:9288957..9291565(-1)","2R",9288957,9291565,"LinDiscrA"
"2342","FBgn0027585",1404.43028499559,0.320606733558991,0.105420297969443,9.38216572427052,0.00917674362582395,0.0452660975743929,27460,"Dmel","CG8740","2-59","44E3-44E4","2R:8735810..8759590(1)","2R",8735810,8759590,"LinDiscrA"
"2366","FBgn0033265",261.585997644502,-0.00199325485654671,0.0597517593685413,9.33593637429055,0.00939133158341682,0.0459065723180944,4051,"Dmel","coil","2-58","44B3-44B3","2R:8124981..8127242(-1)","2R",8124981,8127242,"LinDiscrA"
"2371","FBgn0033247",868.488774221986,-0.248531765205631,0.0811673402311815,9.32499822973273,0.00944283416193064,0.0459876133922948,21016,"Dmel","Nup44A","2-58","44A2-44A2","2R:7988462..7991283(1)","2R",7988462,7991283,"LinDiscrA"
"2383","FBgn0033229",803.407293343198,0.139390603671692,0.0627570366789545,9.30861682127397,0.00952049523891961,0.0462258748293729,17588,"Dmel","CG12822","2-57","43E18-43E18","2R:7832171..7833841(1)","2R",7832171,7833841,"LinDiscrA"
"2387","FBgn0033086",399.812288102601,-0.0230822248517301,0.0457504341388188,9.29932282490813,0.00956483991801655,0.0463634604394233,23147,"Dmel","CG9410","2-55","42C3-42C3","2R:6669024..6670076(1)","2R",6669024,6670076,"LinDiscrA"
"2448","FBgn0033358",514.315124572336,0.280539217800889,0.100112796508306,9.12925939870212,0.0104137347055875,0.0492104087119594,19153,"Dmel","spab","2-59","44F12-44F12","2R:8963164..8968184(-1)","2R",8963164,8968184,"LinDiscrA"
"2449","FBgn0014028",3780.88488729575,0.0575746545067265,0.0519303865525501,9.12891451696714,0.0104155306138735,0.0492104087119594,20620,"Dmel","SdhB","2-55","42D3-42D4","2R:6807626..6809172(1)","2R",6807626,6809172,"LinDiscrA"
"2466","FBgn0033160",1728.39473532848,0.0394653081184613,0.0444634346314004,9.09558570438844,0.0105905535238445,0.0496726973982746,26456,"Dmel","Dhx15","2-56","43B2-43B2","2R:7387187..7391023(1)","2R",7387187,7391023,"LinDiscrA"
"981","FBgn0043576",92.893950389567,-3.16501279990857,0.507748049230515,36.1814774031197,1.39088751361512e-08,1.6442277393093e-06,27454,"Dmel","PGRP-SC1a","2-59","44E2-44E2","2R:8709733..8710320(1)","2R",8709733,8710320,"LinDiscrB"
"1411","FBgn0013307",2498.79616777947,0.947223837037172,0.179906413103678,32.2040191765567,1.01621613992719e-07,8.34954892273508e-06,27332,"Dmel","Odc1","2-58","44A2-44A2","2R:8004824..8006672(1)","2R",8004824,8006672,"LinDiscrB"
"1871","FBgn0033232",614.935929442721,-0.102775783773191,0.0400754682966238,29.3847572047904,4.16084029790263e-07,2.57771844124075e-05,21177,"Dmel","CG12159","2-57","43F1-43F1","2R:7915027..7916478(-1)","2R",7915027,7916478,"LinDiscrB"
"2071","FBgn0033377",1786.57821511746,-0.512554604494189,0.0952273465552518,28.2748798038915,7.24749396427648e-07,4.05614577662527e-05,28898,"Dmel","Pgm2a","2-60","45A6-45A7","2R:9107151..9109718(-1)","2R",9107151,9109718,"LinDiscrB"
"2201","FBgn0028473",8906.88204931592,0.329164069299279,0.0637537153770164,27.7481323778231,9.43125771960132e-07,4.95443165632556e-05,5948,"Dmel","Non1","2-60","45D2-45D3","2R:9396265..9398734(-1)","2R",9396265,9398734,"LinDiscrB"
"2831","FBgn0259226",79.7831563012412,0.544231344533679,0.109136128293005,25.0898344719878,3.5629659213031e-06,0.000145341409148931,27466,"Dmel","CG42326","2-59","44D3-44D3","2R:8573368..8584779(-1)","2R",8573368,8584779,"LinDiscrB"
"2931","FBgn0033268",1426.17074517094,0.68931425059046,0.138484425659279,24.9251844910679,3.86869914553649e-06,0.00015255307607541,27936,"Dmel","Obp44a","2-58","44B3-44B3","2R:8134170..8135315(-1)","2R",8134170,8135315,"LinDiscrB"
"2981","FBgn0033226",1805.72321726024,0.213004593336818,0.051455769846816,24.8429936030468,4.03099706666592e-06,0.000156184284338878,27921,"Dmel","CG1882","2-57","43E18-43E18","2R:7812504..7815486(1)","2R",7812504,7815486,"LinDiscrB"
"3231","FBgn0033382",1675.95044022256,0.184761794984421,0.0384183122282039,24.1209728882403,5.78358720479556e-06,0.000207044289049765,27484,"Dmel","Hydr1","2-60","45A11-45A11","2R:9132480..9135453(1)","2R",9132480,9135453,"LinDiscrB"
"3271","FBgn0033327",97.1082585602966,-2.43836478325985,0.47960892423672,24.0172095807553,6.09156950912833e-06,0.000215154977936743,27458,"Dmel","PGRP-SC1b","2-59","44E2-44E2","2R:8713446..8715094(1)","2R",8713446,8715094,"LinDiscrB"
"3331","FBgn0014469",3233.57320974209,-0.356320815829633,0.0913844668750064,23.9220945581793,6.38826861160492e-06,0.00022158111336959,27095,"Dmel","Cyp4e2","2-59","44D1-44D1","2R:8444560..8447164(1)","2R",8444560,8447164,"LinDiscrB"
"4331","FBgn0010114",3050.02910022912,0.44498466409423,0.0963254061371053,21.3798446789787,2.27732868225537e-05,0.000607899833731069,21252,"Dmel","hig","2-60","45B7-45B8","2R:9227785..9247249(-1)","2R",9227785,9247249,"LinDiscrB"
"5551","FBgn0027561",1800.20804546407,0.157372613169434,0.0372762907503003,19.4913926348363,5.85460860927382e-05,0.00121988562479204,27497,"Dmel","CG18659","2-60","45A9-45A10","2R:9123304..9132030(-1)","2R",9123304,9132030,"LinDiscrB"
"5831","FBgn0011286",1856.59009584057,0.55136001611,0.130992559563454,19.1743890064727,6.86016134907072e-05,0.00136087276077028,21394,"Dmel","RyR","2-59","44F1-44F2","2R:8860364..8888097(1)","2R",8860364,8888097,"LinDiscrB"
"6441","FBgn0033413",2166.3724106413,0.109682583287511,0.0283715757390415,18.4772786366585,9.72097718291535e-05,0.00174600807231123,5189,"Dmel","prel","2-60","45D5-45D5","2R:9424087..9426107(1)","2R",9424087,9426107,"LinDiscrB"
"7161","FBgn0033249",238.07269472763,0.349170265334288,0.0890172222712724,17.5742996811741,0.000152682517637649,0.00246698321733915,27343,"Dmel","CG11191","2-58","44A2-44A2","2R:8000490..8002120(-1)","2R",8000490,8002120,"LinDiscrB"
"7491","FBgn0033235",1350.27438529378,-0.0668154443256963,0.0435057337517255,17.1827759881444,0.000185698160749665,0.00286680478463499,21167,"Dmel","CG8728","2-57","43F3-43F4","2R:7936866..7939114(-1)","2R",7936866,7939114,"LinDiscrB"
"7521","FBgn0023171",414.697345069828,-0.0756549551978579,0.0424567635129418,17.1613001129481,0.000187702920240128,0.00288783310887368,21170,"Dmel","rnh1","2-57","43F2-43F2","2R:7931054..7932380(-1)","2R",7931054,7932380,"LinDiscrB"
"7551","FBgn0013308",134.384583537224,-0.395385612615404,0.114311439706737,17.1483212006765,0.000188924971041436,0.00289750290884845,27333,"Dmel","Odc2","2-58","44A2-44A2","2R:8007246..8009062(1)","2R",8007246,8009062,"LinDiscrB"
"9371","FBgn0029092",7129.88080979287,0.177861568722884,0.0486905196526644,15.3983321333851,0.000453204968059048,0.00559741956819197,27503,"Dmel","ced-6","2-60","45D7-45D8","2R:9434669..9444937(-1)","2R",9434669,9444937,"LinDiscrB"
"9461","FBgn0033215",72.8809584547286,0.591040408545456,0.15167413592435,15.3529490783599,0.000463606447477802,0.00567146852590321,31486,"Dmel","Dgat2","2-57","43E12-43E12","2R:7712578..7714182(1)","2R",7712578,7714182,"LinDiscrB"
"9631","FBgn0003074",11257.2709257595,-0.350877658951604,0.0923439637655977,15.2296468076479,0.000493087751996957,0.0059257485548597,27419,"Dmel","Pgi","2-59","44F6-44F6","2R:8910900..8914069(-1)","2R",8910900,8914069,"LinDiscrB"
"10251","FBgn0001285",1229.80178765416,-1.09824307947606,0.278255555885348,14.8101344743666,0.000608163232707427,0.00686702831473249,27900,"Dmel","Jon44E","2-59","44E2-44E2","2R:8691448..8692844(1)","2R",8691448,8692844,"LinDiscrB"
"10261","FBgn0033274",562.404926961951,0.211816777353525,0.0848835646623964,14.7921497960486,0.00061365670532663,0.00691275657625134,17538,"Dmel","CG14757","2-58","44B8-44B8","2R:8172364..8173613(-1)","2R",8172364,8173613,"LinDiscrB"
"10431","FBgn0053774",451.235994033805,-0.198039256311538,0.0884901459029588,14.7319168090955,0.000632419002692039,0.00701779132776559,23373,"Dmel","CG33774","2-60","45D3-45D3","2R:9399753..9400329(-1)","2R",9399753,9400329,"LinDiscrB"
"10461","FBgn0266805",26.4496188551667,0.555640620118117,0.15908928825085,14.7066687506408,0.000640453284470884,0.00708658194899254,30539,"Dmel","lncRNA:CR45267","2-58","44A2-44A3","2R:8019176..8026595(1)","2R",8019176,8026595,"LinDiscrB"
"11141","FBgn0033337",402.63415916462,0.108508742527321,0.0403205278412065,14.2176457984282,0.000817857125995429,0.00849764556471484,27319,"Dmel","CG8272","2-59","44F2-44F3","2R:8888404..8891401(-1)","2R",8888404,8891401,"LinDiscrB"
"11241","FBgn0033246",18479.3289876912,-0.382916248405418,0.100995140119785,14.1649953595497,0.000839673292086764,0.00863142421368693,21038,"Dmel","ACC","2-58","44A1-44A2","2R:7974115..7991862(-1)","2R",7974115,7991862,"LinDiscrB"
"11251","FBgn0265310",45.2366427933191,-0.485809721984483,0.130461123501883,14.1701074409036,0.000837529793598523,0.00863142421368693,29452,"Dmel","lncRNA:CR44283","2-60","45B1-45B1","2R:9161484..9161998(1)","2R",9161484,9161998,"LinDiscrB"
"11831","FBgn0033375",320.451228318393,0.0910078761153287,0.0643385501519299,13.859502997845,0.000978243932864641,0.00957175334648384,27377,"Dmel","CG8078","2-60","45A3-45A3","2R:9096931..9098525(-1)","2R",9096931,9098525,"LinDiscrB"
"11881","FBgn0028562",71.6026904592003,0.179144313190212,0.165038409019893,13.8378013196988,0.000988916498785935,0.0096354900239151,27111,"Dmel","sut2","2-58","44A4-44A4","2R:8087396..8089297(1)","2R",8087396,8089297,"LinDiscrB"
"12001","FBgn0086784",2323.89048535068,0.14572408225908,0.0394039463742627,13.770410137153,0.00102280638839882,0.00986612157335577,27461,"Dmel","stmA","2-59","44E3-44E3","2R:8729502..8734304(-1)","2R",8729502,8734304,"LinDiscrB"
"12631","FBgn0033258",260.929985695597,-0.0325972194143142,0.0889269209441872,13.4050424844515,0.0012278123845681,0.0112444319962225,27398,"Dmel","CG8712","2-58","44A4-44A4","2R:8096792..8098484(-1)","2R",8096792,8098484,"LinDiscrB"
"12711","FBgn0002891",335.876000478773,-0.157618936536918,0.0893387494800771,13.3847804018258,0.00124031462598924,0.0113024855063968,61,"Dmel","mus205","2-57","43E17-43E17","2R:7793625..7801044(1)","2R",7793625,7801044,"LinDiscrB"
"15201","FBgn0010220",540.526990699727,0.124607842854234,0.0360477618075208,12.2362745936149,0.00220255485030363,0.0167651760451823,27353,"Dmel","Dbp45A","2-60","45A2-45A2","2R:9087834..9089802(1)","2R",9087834,9089802,"LinDiscrB"
"15611","FBgn0033381",471.416746513243,-0.100968397885219,0.0796123129453483,12.0425427223668,0.00242658257019063,0.0179858983209587,3633,"Dmel","GstE13","2-60","45A9-45A9","2R:9122125..9123309(1)","2R",9122125,9123309,"LinDiscrB"
"15931","FBgn0265313",966.43651470525,0.429856373105966,0.188945712982296,11.8987717222087,0.00260744135794528,0.0189386884838847,27402,"Dmel","CG44286","2-60","45A11-45A12","2R:9138486..9141981(1)","2R",9138486,9141981,"LinDiscrB"
"17421","FBgn0003892",164.606205220661,0.42220412052911,0.125379654045086,11.2465217710631,0.00361284081936968,0.0239855363280216,27481,"Dmel","ptc","2-59","44D5-44E1","2R:8649649..8665223(1)","2R",8649649,8665223,"LinDiscrB"
"17741","FBgn0005695",2007.17889702627,-0.160672141076681,0.0788329052436682,11.0863068874481,0.00391416425948296,0.0255130284231268,27459,"Dmel","gcl","2-59","44E3-44E3","2R:8724258..8728999(1)","2R",8724258,8728999,"LinDiscrB"
"19781","FBgn0025469",341.803173047147,0.0431098090096779,0.0522001839542609,10.5023536394549,0.00524134664824049,0.0306516915294629,27337,"Dmel","slv","2-58","44A4-44A4","2R:8080559..8083357(-1)","2R",8080559,8083357,"LinDiscrB"
"21011","FBgn0085459",11.4216457195559,-0.015447277909598,0.31178349947371,10.1353141034141,0.00629715678319993,0.0346732705957087,17495,"Dmel","CG34430","2-57","43F5-43F5","2R:7943442..7944475(1)","2R",7943442,7944475,"LinDiscrB"
"22391","FBgn0010504",778.030400904635,-0.0579989277740383,0.0839424110011311,9.67384099910066,0.00793144135919051,0.040993031568586,27390,"Dmel","kermit","2-58","44B5-44B5","2R:8146918..8156654(-1)","2R",8146918,8156654,"LinDiscrB"
"22501","FBgn0033294",452.018646430215,-1.9378559303785,0.624087362254292,9.64411566832962,0.00805020409735146,0.0414093244533696,27328,"Dmel","Mal-A4","2-59","44D1-44D1","2R:8458815..8460884(1)","2R",8458815,8460884,"LinDiscrB"
"23261","FBgn0026326",785.070763081264,-0.0607239124342718,0.0546432992269463,9.41483634512838,0.00902805640226907,0.0449077000516475,5274,"Dmel","Mad1","2-60","45C4-45C4","2R:9288957..9291565(-1)","2R",9288957,9291565,"LinDiscrB"
"23421","FBgn0027585",1404.43028499559,0.320606733558991,0.105420297969443,9.38216572427052,0.00917674362582395,0.0452660975743929,27460,"Dmel","CG8740","2-59","44E3-44E4","2R:8735810..8759590(1)","2R",8735810,8759590,"LinDiscrB"
"23661","FBgn0033265",261.585997644502,-0.00199325485654671,0.0597517593685413,9.33593637429055,0.00939133158341682,0.0459065723180944,4051,"Dmel","coil","2-58","44B3-44B3","2R:8124981..8127242(-1)","2R",8124981,8127242,"LinDiscrB"
"23711","FBgn0033247",868.488774221986,-0.248531765205631,0.0811673402311815,9.32499822973273,0.00944283416193064,0.0459876133922948,21016,"Dmel","Nup44A","2-58","44A2-44A2","2R:7988462..7991283(1)","2R",7988462,7991283,"LinDiscrB"
"23831","FBgn0033229",803.407293343198,0.139390603671692,0.0627570366789545,9.30861682127397,0.00952049523891961,0.0462258748293729,17588,"Dmel","CG12822","2-57","43E18-43E18","2R:7832171..7833841(1)","2R",7832171,7833841,"LinDiscrB"
"24481","FBgn0033358",514.315124572336,0.280539217800889,0.100112796508306,9.12925939870212,0.0104137347055875,0.0492104087119594,19153,"Dmel","spab","2-59","44F12-44F12","2R:8963164..8968184(-1)","2R",8963164,8968184,"LinDiscrB"
"70","FBgn0052283",11.9183788981564,-0.149344845948742,0.389983451176415,39.8406934977074,2.23204696975061e-09,3.69403773493726e-07,3052,"Dmel","Drsl3","3-8","63D1-63D1","3L:3314996..3315355(1)","3L",3314996,3315355,"MedLife"
"299","FBgn0259933",1480.27448703783,-0.419927604064626,0.0889714060530443,24.8250861380923,4.06725160050791e-06,0.000156541892996293,18973,"Dmel","CG42456","3-8","63D1-63D1","3L:3319555..3322489(1)","3L",3319555,3322489,"MedLife"
"393","FBgn0035461",366.266426066633,0.0483636800405442,0.0535478712635656,22.0737712416253,1.60968715130922e-05,0.000473305219490287,22987,"Dmel","ntc","3-9","63F1-63F1","3L:3803832..3806459(-1)","3L",3803832,3806459,"MedLife"
"602","FBgn0035445",61.25470909579,0.656554140482438,0.154075685183453,18.9420436939061,7.70526312442621e-05,0.00148035610773595,2413,"Dmel","Ids","3-8","63D2-63D2","3L:3378268..3380083(1)","3L",3378268,3380083,"MedLife"
"731","FBgn0035453",69.3593194420102,1.12227716610646,0.27246849125036,17.4248854424066,0.000164525872382762,0.00260384604820343,5110,"Dmel","CG10357","3-8","63E5-63E5","3L:3615382..3616682(1)","3L",3615382,3616682,"MedLife"
"750","FBgn0035431",238.221647774262,0.00566313829993083,0.113997256719777,17.1812359399343,0.000185841207877503,0.00286680478463499,26190,"Dmel","CG14968","3-7","63C5-63C5","3L:3299336..3303112(-1)","3L",3299336,3303112,"MedLife"
"810","FBgn0041164",1466.31227931605,-0.347165256127105,0.121730892564634,16.5926374545345,0.00024943337131675,0.00356763231095463,21447,"Dmel","armi","3-8","63E1-63E1","3L:3461317..3466303(1)","3L",3461317,3466303,"MedLife"
"920","FBgn0052282",789.778319431275,-0.613758966862126,0.163759782691609,15.5597335167266,0.000418067874948033,0.00526283025761254,3059,"Dmel","Drsl4","3-8","63D1-63D1","3L:3315620..3315942(1)","3L",3315620,3315942,"MedLife"
"1260","FBgn0035432",2144.48788301165,0.135070607440246,0.0430312500116989,13.4129274050946,0.00122298131237233,0.0112090494492353,26183,"Dmel","ZnT63C","3-7","63C6-63D1","3L:3303708..3314009(1)","3L",3303708,3314009,"MedLife"
"1326","FBgn0035437",1321.74999386371,0.124213025978599,0.0369292258433175,13.1026377426168,0.00142823070311787,0.0124593770298347,25093,"Dmel","Strip","3-8","63D1-63D1","3L:3322025..3328871(-1)","3L",3322025,3328871,"MedLife"
"1362","FBgn0283461",10036.810074639,-0.819016744981887,0.267699988491931,12.896784322443,0.00158306543760469,0.013445610773204,28780,"Dmel","Drs","3-8","63D2-63D2","3L:3369556..3369942(1)","3L",3369556,3369942,"MedLife"
"1700","FBgn0035435",137.794223210454,-0.193396506766888,0.0692847865828672,11.4484204231872,0.00326593165261146,0.0222171568969488,4188,"Dmel","PIG-C","3-8","63D1-63D1","3L:3318028..3319232(-1)","3L",3318028,3319232,"MedLife"
"2203","FBgn0035449",810.003227691852,0.0238510579942028,0.0392226619352728,9.77914090216382,0.00752465398787665,0.0394984669005668,21414,"Dmel","CG14971","3-8","63E1-63E2","3L:3468023..3471309(-1)","3L",3468023,3471309,"MedLife"
